Date of Birth,Name of Member,Party Name,Constituencies & state,,,,Date of Birth,
,,,,,,,,Mumbai-South-Central
1/1/40,"Gaikwad,Shri Eknath Mahadeo",INC,Mumbai-South-Central(Maharashtra ),Mumbai-South-Central,,Mumbai-South-Central,1/1/40,
,,,,,,,,
,,,,,,,,
1/1/41,"Majumdar,Shri Prasanta Kumar",RSP,Balurghat (West Bengal ),Balurghat ,Balurghat ,Balurghat ,1/1/41,
,,,,,,,,
1/1/49,"Deshmukh,Shri K. D.",BJP,Balaghat(Madhya Pradesh ),Balaghat,Balaghat,Balaghat,1/1/49,
,,,,,,,,
1/1/52,"Khaire,Shri Chandrakant Bhaurao",SS,Aurangabad (Maharashtra ),Aurangabad ,Aurangabad ,Aurangabad ,1/1/52,
,,,,,,,,
1/1/53,"Khurshid,Shri Salman",INC,Farrukhabad(Uttar Pradesh ),Farrukhabad,Farrukhabad,Farrukhabad,1/1/53,
,,,,,,,,
,,,,,,,,
,,,,,,,,
1/1/54,"Bhagora,Shri Tarachand",INC,Banswara(Rajasthan ),Banswara,Banswara,Banswara,1/1/54,
,,,,,,,,
1/1/60,"Bwiswmuthiary,Shri Sansuma Khunggur",BPF,Kokrajhar(Assam ),Kokrajhar,Kokrajhar,Kokrajhar,1/1/60,
,,,,,,,,
,,,,,,,,
1/1/60,"Rajbhar,Shri Ramashankar",BSP,Salempur (Uttar Pradesh ),Salempur ,Salempur ,Salempur ,1/1/60,
,,,,,,,,
1/1/62,"Singh,Smt. Meena",JD(U),Arrah(Bihar ),Arrah,Arrah,Arrah,1/1/62,
,,,,,,,,
,,,,,,,,
1/1/64,"Patel,Shri Bal Kumar",SP,Mirzapur(Uttar Pradesh ),Mirzapur,Mirzapur,Mirzapur,1/1/64,
,,,,,,,,
1/1/69,"Argal,Shri Ashok",BJP,Bhind(Madhya Pradesh ),Bhind,Bhind,Bhind,1/1/69,
,,,,,,,,
1/1/71,"Scindia,Shri Jyotiraditya Madhavrao",INC,Guna(Madhya Pradesh ),Guna,Guna,Guna,1/1/71,
,,,,,,,,
,,,,,,,,
,,,,,,,,
,,,,,,,,
1/1/71,"Nagpal,Shri Devendra ",RLD,Amroha (Uttar Pradesh ),Amroha ,Amroha ,Amroha ,1/1/71,
,,,,,,,,
2/1/47,"Singh,Shri Ratan",INC,Bharatpur(Rajasthan ),Bharatpur,Bharatpur,Bharatpur,2/1/47,
,,,,,,,,
2/1/59,"Azad,Shri Kirti (Jha)",BJP,Darbhanga(Bihar ),Darbhanga,Darbhanga,Darbhanga,2/1/59,
,,,,,,,,
2/1/60,"Mukherjee,Shri Abhijit ",INC,Jangipur(West Bengal ),Jangipur,Jangipur,Jangipur,2/1/60,
,,,,,,,,
2/1/72,"Roy,Dr. Arjun",JD(U),Sitamarhi(Bihar ),Sitamarhi,Sitamarhi,Sitamarhi,2/1/72,
,,,,,,,,
3/1/38,"Singh,Shri Jaswant",BJP,Darjeeling(West Bengal ),Darjeeling,Darjeeling,Darjeeling,3/1/38,
,,,,,,,,
,,,,,,,,
3/1/39,"Singh,Dr. Bhola",BJP,Nawada(Bihar ),Nawada,Nawada,Nawada,3/1/39,
,,,,,,,,
3/1/59,"Ering,Shri Ninong",INC,Arunachal East(Arunachal Pradesh ),Arunachal East,Arunachal East,Arunachal East,3/1/59,
,,,,,,,,
,,,,,,,,
,,,,,,,,
4/1/49,"Gulshan,Smt. Paramjit Kaur",SAD,Faridkot (Punjab ),Faridkot ,Faridkot ,Faridkot ,4/1/49,
,,,,,,,,
4/1/50,"Wakchaure ,Shri Bhausaheb ",SS,Shirdi(Maharashtra ),Shirdi,Shirdi,Shirdi,4/1/50,
,,,,,,,,
,,,,,,,,
4/1/51,"Khatri,Dr. Nirmal",INC,Faizabad(Uttar Pradesh ),Faizabad,Faizabad,Faizabad,4/1/51,
,,,,,,,,
,,,,,,,,
4/1/57,"Banerjee,Shri Kalyan",AITC,Serampore(West Bengal ),Serampore,Serampore,Serampore,4/1/57,
,,,,,,,,
,,,,,,,,
,,,,,,,,
4/1/63,"Wankhede,Shri Subhash Bapurao",SS,Hingoli(Maharashtra ),Hingoli,Hingoli,Hingoli,4/1/63,
,,,,,,,,
4/1/78,"Hooda,Shri Deepender Singh",INC,Rohtak(Haryana ),Rohtak,Rohtak,Rohtak,4/1/78,
,,,,,,,,
5/1/32,"Singh,Shri Kalyan",Ind.,Etah(Uttar Pradesh ),Etah,Etah,Etah,5/1/32,
,,,,,,,,
5/1/34,"Joshi,Dr. Murli Manohar",BJP,Varanasi(Uttar Pradesh ),Varanasi,Varanasi,Varanasi,5/1/34,
,,,,,,,,
,,,,,,,,
5/1/50,"Ram,Shri Purnmasi",JD(U),Gopalganj(Bihar ),Gopalganj,Gopalganj,Gopalganj,5/1/50,
,,,,,,,,
5/1/64,"Bairwa,Shri Khiladi Lal",INC,Karauli-Dholpur(Rajasthan ),Karauli-Dholpur,Karauli-Dholpur,Karauli-Dholpur,5/1/64,
,,,,,,,,
5/1/75,"Bauri,Smt. Susmita",CPI(M),Bishnupur(West Bengal ),Bishnupur,Bishnupur,Bishnupur,5/1/75,
,,,,,,,,
,,,,,,,,
6/1/71,"Kora,Shri Madhu ",Ind.,Singhbhum(Jharkhand ),Singhbhum,Singhbhum,Singhbhum,6/1/71,
,,,,,,,,
8/1/57,"Singh,Shri Brijbhushan Sharan",SP,Kaiserganj(Uttar Pradesh ),Kaiserganj,Kaiserganj,Kaiserganj,8/1/57,
,,,,,,,,
9/1/21,"Das,Shri Ram Sundar",JD(U),Hajipur(Bihar ),Hajipur,Hajipur,Hajipur,9/1/21,
,,,,,,,,
,,,,,,,,
10/1/65,"Katheria,Shri Premdas",SP,Etawah(Uttar Pradesh ),Etawah,Etawah,Etawah,10/1/65,
,,,,,,,,
11/1/44,"Soren,Shri Shibu",JMM,Dumka(Jharkhand ),Dumka,Dumka,Dumka,11/1/44,
,,,,,,,,
11/1/56,"Meghwal,Shri Bharat Ram",INC,Ganganagar(Rajasthan ),Ganganagar,Ganganagar,Ganganagar,11/1/56,
,,,,,,,,
,,,,,,,,
11/1/58,"Marandi,Shri Babu Lal",JVM (P),Kodarma(Jharkhand ),Kodarma,Kodarma,Kodarma,11/1/58,
,,,,,,,,
,,,,,,,,
12/1/38,"Choudhury,Shri Abu Hasem Khan",INC,Maldaha Dakshin(West Bengal ),Maldaha Dakshin,Maldaha Dakshin,Maldaha Dakshin,12/1/38,
,,,,,,,,
,,,,,,,,
,,,,,,,,
12/1/40,"Moily,Dr.(Shri) M. Veerappa ",INC,Chikkballapur(Karnataka ),Chikkballapur,Chikkballapur,Chikkballapur,12/1/40,
,,,,,,,,
,,,,,,,,
,,,,,,,,
12/1/60,"Chowdhury,Shri Bansa Gopal",CPI(M),Asansol (West Bengal ),Asansol ,Asansol ,Asansol ,12/1/60,
,,,,,,,,
12/1/64,"Maken,Shri Ajay",INC,New Delhi (Delhi ),New Delhi ,New Delhi ,New Delhi ,12/1/64,
,,,,,,,,
,,,,,,,,
,,,,,,,,
12/1/64,"Panda,Shri Baijayant ""Jay""",BJD,Kendrapara(Odisha ),Kendrapara,Kendrapara,Kendrapara,12/1/64,
,,,,,,,,
,,,,,,,,
,,,,,,,,
13 /1/1959,"Kumar,Shri Kaushalendra",JD(U),Nalanda(Bihar ),Nalanda,Nalanda,Nalanda,13 /1/1959,
,,,,,,,,
15 /1/1969,"Chauhan,Smt. Raj Kumari",BSP,Aligarh(Uttar Pradesh ),Aligarh,Aligarh,Aligarh,15 /1/1969,
,,,,,,,,
,,,,,,,,
15 /1/1974,"Yadav,Shri Arun Subhashchandra",INC,Khandwa(Madhya Pradesh ),Khandwa,Khandwa,Khandwa,15 /1/1974,
,,,,,,,,
,,,,,,,,
,,,,,,,,
,,,,,,,,
15 /1/1978,"Yadav,Smt. Dimple",SP,Kannauj(Uttar Pradesh ),Kannauj,Kannauj,Kannauj,15 /1/1978,
,,,,,,,,
16 /1/1942,"Reddy,Shri Jaipal Sudini",INC,Chelvella (Andhra Pradesh ),Chelvella ,Chelvella ,Chelvella ,16 /1/1942,
,,,,,,,,
,,,,,,,,
,,,,,,,,
16 /1/1944,"Ajnala,Dr. Rattan Singh",SAD,Khadoor Sahib(Punjab ),Khadoor Sahib,Khadoor Sahib,Khadoor Sahib,16 /1/1944,
,,,,,,,,
16 /1/1969,"Patil,Shri Sanjay Dina ",NCP,Mumbai-North-East(Maharashtra ),Mumbai-North-East,Mumbai-North-East,Mumbai-North-East,16 /1/1969,
,,,,,,,,
,,,,,,,,
17 /1/1951,"Shekhawat,Shri Gopal Singh",INC,Rajsamand(Rajasthan ),Rajsamand,Rajsamand,Rajsamand,17 /1/1951,
,,,,,,,,
,,,,,,,,
20 /1/1959,"Mandal,Dr. Tarun",Ind.,Jaynagar(West Bengal ),Jaynagar,Jaynagar,Jaynagar,20 /1/1959,
,,,,,,,,
,,,,,,,,
20 /1/1959,"Pandey,Shri Ravindra Kumar",BJP,Giridih(Jharkhand ),Giridih,Giridih,Giridih,20 /1/1959,
,,,,,,,,
21 /1/1961,"Jardosh,Smt. Darshana Vikram",BJP,Surat(Gujarat ),Surat,Surat,Surat,21 /1/1961,
,,,,,,,,
22 /1/1958,"Kumar,Shri Vishwa Mohan",JD(U),Supaul(Bihar ),Supaul,Supaul,Supaul,22 /1/1958,
,,,,,,,,
23 /1/1945,"Punia,Shri P.L. ",INC,Barabanki(Uttar Pradesh ),Barabanki,Barabanki,Barabanki,23 /1/1945,
,,,,,,,,
23 /1/1956,"Saha,Dr. Anup Kumar",CPI(M),Bardhaman Purba(West Bengal ),Bardhaman Purba,Bardhaman Purba,Bardhaman Purba,23 /1/1956,
,,,,,,,,
,,,,,,,,
24 /1/1955,"Singh,Shri Rajiv Ranjan (Lalan)",JD(U),Munger(Bihar ),Munger,Munger,Munger,24 /1/1955,
,,,,,,,,
,,,,,,,,
28 /1/1963,"Manjhi,Shri Hari",BJP,Gaya(Bihar ),Gaya,Gaya,Gaya,28 /1/1963,
,,,,,,,,
28 /1/1969,"Dubey,Shri Nishikant ",BJP,Godda (Jharkhand ),Godda ,Godda ,Godda ,28 /1/1969,
,,,,,,,,
29 /1/1957,"Bajwa,Sardar Partap Singh",INC,Gurdaspur(Punjab ),Gurdaspur,Gurdaspur,Gurdaspur,29 /1/1957,
,,,,,,,,
30 /1/1951,"Alagiri,Shri M. K.",DMK,Madurai(Tamil Nadu ),Madurai,Madurai,Madurai,30 /1/1951,
,,,,,,,,
,,,,,,,,
1/2/44,"Katoch,Smt. Chandresh Kumari",INC,Jodhpur(Rajasthan ),Jodhpur,Jodhpur,Jodhpur,1/2/44,
,,,,,,,,
,,,,,,,,
,,,,,,,,
1/2/60,"Choudhary,Shri Bhudeo",JD(U),Jamui (Bihar ),Jamui ,Jamui ,Jamui ,1/2/60,
,,,,,,,,
2/2/54,"Gutha,Shri Sukender Reddy",INC,Nalgonda(Andhra Pradesh ),Nalgonda,Nalgonda,Nalgonda,2/2/54,
,,,,,,,,
2/2/59,"Singh,Chaudhary Lal",INC,Udhampur(Jammu and Kashmir ),Udhampur,Udhampur,Udhampur,2/2/59,
,,,,,,,,
3/2/54,"Shivaramagouda,Shri ",BJP,Koppal(Karnataka ),Koppal,Koppal,Koppal,3/2/54,
,,,,,,,,
3/2/79,"Yadav,Shri Dharmendra",SP,Badaun(Uttar Pradesh ),Badaun,Badaun,Badaun,3/2/79,
,,,,,,,,
,,,,,,,,
,,,,,,,,
4/2/59,"Meena,Shri Raghuvir Singh",INC,Udaipur (Rajasthan ),Udaipur ,Udaipur ,Udaipur ,4/2/59,
,,,,,,,,
4/2/63,"Venugopal,Shri K. C.",INC,Alappuzha(Kerala ),Alappuzha,Alappuzha,Alappuzha,4/2/63,
,,,,,,,,
,,,,,,,,
5/2/57,"Hassan,Dr. Monazir ",JD(U),Begusarai(Bihar ),Begusarai,Begusarai,Begusarai,5/2/57,
,,,,,,,,
6/2/48,"Jagathrakshakan,Shri S.",DMK,Arakkonam (Tamil Nadu ),Arakkonam ,Arakkonam ,Arakkonam ,6/2/48,
,,,,,,,,
,,,,,,,,
,,,,,,,,
6/2/65,"Nirupam,Shri Sanjay ",INC,Mumbai-North(Maharashtra ),Mumbai-North,Mumbai-North,Mumbai-North,6/2/65,
,,,,,,,,
7/2/46,"Panda,Shri Prabodh",CPI,Medinipur(West Bengal ),Medinipur,Medinipur,Medinipur,7/2/46,
,,,,,,,,
,,,,,,,,
8/2/59,"Dome,Dr. Ram Chandra",CPI(M),Bolpur(West Bengal ),Bolpur,Bolpur,Bolpur,8/2/59,
,,,,,,,,
,,,,,,,,
8/2/63,"Azharuddin,Shri Mohammed ",INC,Moradabad(Uttar Pradesh ),Moradabad,Moradabad,Moradabad,8/2/63,
,,,,,,,,
9/2/57,"Solanki ,Shri Dinubhai Boghabhai",BJP,Junagadh (Gujarat ),Junagadh ,Junagadh ,Junagadh ,9/2/57,
,,,,,,,,
9/2/65,"Singh,Shri Ijyaraj ",INC,Kota(Rajasthan ),Kota,Kota,Kota,9/2/65,
,,,,,,,,
11/2/41,"Verma,Shri Beni Prasad",INC,Gonda(Uttar Pradesh ),Gonda,Gonda,Gonda,11/2/41,
,,,,,,,,
,,,,,,,,
,,,,,,,,
11/2/50,"Rao,Shri Inderjit Singh",INC,Gurgaon (Haryana ),Gurgaon ,Gurgaon ,Gurgaon ,11/2/50,
,,,,,,,,
,,,,,,,,
11/2/50,"Ramasubbu,Shri S.S.",INC,Tirunelveli (Tamil Nadu ),Tirunelveli ,Tirunelveli ,Tirunelveli ,11/2/50,
,,,,,,,,
12/2/39,"Singh,Shri Ajit",RLD,Baghpat(Uttar Pradesh ),Baghpat,Baghpat,Baghpat,12/2/39,
,,,,,,,,
,,,,,,,,
12/2/50,"Ajmal,Maulana Badruddin",AIUDF,Dhubri(Assam ),Dhubri,Dhubri,Dhubri,12/2/50,
,,,,,,,,
,,,,,,,,
,,,,,,,,
12/2/70,"Malik,Shri Jitender Singh",INC,Sonipat(Haryana ),Sonipat,Sonipat,Sonipat,12/2/70,
,,,,,,,,
12/2/76,"Tanwar,Shri Ashok",INC,Sirsa(Haryana ),Sirsa,Sirsa,Sirsa,12/2/76,
,,,,,,,,
,,,,,,,,
,,,,,,,,
14 /2/1952,"Swaraj,Smt. Sushma",BJP,Vidisha(Madhya Pradesh ),Vidisha,Vidisha,Vidisha,14 /2/1952,
,,,,,,,,
,,,,,,,,
14 /2/1966,"Lingam,Shri P.",CPI,Tenkasi(Tamil Nadu ),Tenkasi,Tenkasi,Tenkasi,14 /2/1966,
,,,,,,,,
14 /2/1968,"Pala,Shri Vincent H",INC,Shillong(Meghalaya ),Shillong,Shillong,Shillong,14 /2/1968,
,,,,,,,,
,,,,,,,,
15 /2/1942,"Mohammad,Maulana Asrarul Haque",INC,Kishanganj (Bihar ),Kishanganj ,Kishanganj ,Kishanganj ,15 /2/1942,
,,,,,,,,
15 /2/1947,"Deo,Shri V. Kishore Chandra ",INC,Araku(Andhra Pradesh ),Araku,Araku,Araku,15 /2/1947,
,,,,,,,,
,,,,,,,,
16 /2/1964,"Lagadapati,Shri Rajagopal",INC,Vijayawada(Andhra Pradesh ),Vijayawada,Vijayawada,Vijayawada,16 /2/1964,
,,,,,,,,
,,,,,,,,
17 /2/1954,"Rao,Shri Kalva Kuntla Chandrasekhar ",TRS,Mahabubnagar (Andhra Pradesh ),Mahabubnagar ,Mahabubnagar ,Mahabubnagar ,17 /2/1954,
,,,,,,,,
17 /2/1957,"Patel,Shri Praful Manoharbhai",NCP,Bhandara-Gondiya(Maharashtra ),Bhandara-Gondiya,Bhandara-Gondiya,Bhandara-Gondiya,17 /2/1957,
,,,,,,,,
,,,,,,,,
21 /2/1964,"Sai,Shri Vishnu Deo",BJP,Raigarh (Chhattisgarh ),Raigarh ,Raigarh ,Raigarh ,21 /2/1964,
,,,,,,,,
,,,,,,,,
22 /2/1976,"Majhi,Shri Pradeep",INC,Nabarangpur(Odisha ),Nabarangpur,Nabarangpur,Nabarangpur,22 /2/1976,
,,,,,,,,
24 /2/1966,"Bhonsle,Shri Udayanraje Pratapsingh",NCP,Satara(Maharashtra ),Satara,Satara,Satara,24 /2/1966,
,,,,,,,,
26 /2/1959,"Dhotre,Shri Sanjay Shamrao",BJP,Akola(Maharashtra ),Akola,Akola,Akola,26 /2/1959,
,,,,,,,,
,,,,,,,,
27 /2/1954,"Virendra Kumar,Dr. ",BJP,Tikamgarh(Madhya Pradesh ),Tikamgarh,Tikamgarh,Tikamgarh,27 /2/1954,
,,,,,,,,
,,,,,,,,
1/3/43,"Babar ,Shri Gajanan Dharmshi",SS,Maval(Maharashtra ),Maval,Maval,Maval,1/3/43,
,,,,,,,,
,,,,,,,,
1/3/52,"Solanki,Shri Makhansingh",BJP,Khargone(Madhya Pradesh ),Khargone,Khargone,Khargone,1/3/52,
,,,,,,,,
1/3/54,"Deka,Shri Ramen",BJP,Mangaldoi(Assam ),Mangaldoi,Mangaldoi,Mangaldoi,1/3/54,
,,,,,,,,
2/3/45,"Engti,Shri Biren Singh",INC,Autonomous District(Assam ),Autonomous District,Autonomous District,Autonomous District,2/3/45,
,,,,,,,,
2/3/67,"Karwariya,Shri Kapil Muni",BSP,Phulpur(Uttar Pradesh ),Phulpur,Phulpur,Phulpur,2/3/67,
,,,,,,,,
3/3/55,"Tirath,Smt. Krishna",INC,North West Delhi(Delhi ),North West Delhi,North West Delhi,North West Delhi,3/3/55,
,,,,,,,,
,,,,,,,,
,,,,,,,,
5/3/73,"Shivakumar ,Shri K. alias J.K. Ritheesh",DMK,Ramanathapuram(Tamil Nadu ),Ramanathapuram,Ramanathapuram,Ramanathapuram,5/3/73,
,,,,,,,,
7/3/48,"Muniyappa,Shri K.H.",INC,Kolar(Karnataka ),Kolar,Kolar,Kolar,7/3/48,
,,,,,,,,
,,,,,,,,
,,,,,,,,
,,,,,,,,
,,,,,,,,
,,,,,,,,
7/3/57,"Adhi Sankar,Shri ",DMK,Kallakurichi(Tamil Nadu ),Kallakurichi,Kallakurichi,Kallakurichi,7/3/57,
,,,,,,,,
9/3/56,"Tharoor,Dr. Shashi",INC,Thiruvananthapuram(Kerala ),Thiruvananthapuram,Thiruvananthapuram,Thiruvananthapuram,9/3/56,
,,,,,,,,
,,,,,,,,
9/3/70,"Jindal,Shri Naveen",INC,Kurukshetra(Haryana ),Kurukshetra,Kurukshetra,Kurukshetra,9/3/70,
,,,,,,,,
,,,,,,,,
,,,,,,,,
10/3/56,"Mahato,Shri Narahari",AIFB,Purulia(West Bengal ),Purulia,Purulia,Purulia,10/3/56,
,,,,,,,,
11/3/74,"Bhoi,Shri Sanjay",INC,Bargarh(Odisha ),Bargarh,Bargarh,Bargarh,11/3/74,
,,,,,,,,
12/3/67,"Balmiki,Shri Kamlesh",SP,Bulandshahr(Uttar Pradesh ),Bulandshahr,Bulandshahr,Bulandshahr,12/3/67,
,,,,,,,,
12/3/71,"Rajesh,Shri M. B.",CPI(M),Palakkad (Kerala ),Palakkad ,Palakkad ,Palakkad ,12/3/71,
,,,,,,,,
13 /3/1935,"Shariq,Shri Sharifuddin",J&KNC,Baramulla(Jammu and Kashmir ),Baramulla,Baramulla,Baramulla,13 /3/1935,
,,,,,,,,
13 /3/1941,"Riyan,Shri Baju Ban",CPI(M),Tripura East(Tripura ),Tripura East,Tripura East,Tripura East,13 /3/1941,
,,,,,,,,
,,,,,,,,
13 /3/1980,"Gandhi,Shri Feroze Varun",BJP,Pilibhit (Uttar Pradesh ),Pilibhit ,Pilibhit ,Pilibhit ,13 /3/1980,
,,,,,,,,
,,,,,,,,
,,,,,,,,
15 /3/1947,"Thambidurai,Dr. Munisamy",AIADMK,Karur(Tamil Nadu ),Karur,Karur,Karur,15 /3/1947,
,,,,,,,,
15 /3/1956,"Baitha,Shri Kameshwar ",JMM,Palamu(Jharkhand ),Palamu,Palamu,Palamu,15 /3/1956,
,,,,,,,,
15 /3/1957,"Rao,Shri Nama Nageswara",TDP,Khammam(Andhra Pradesh ),Khammam,Khammam,Khammam,15 /3/1957,
,,,,,,,,
,,,,,,,,
16 /3/1950,"Suman,Shri Kabir",AITC,Jadavpur(West Bengal ),Jadavpur,Jadavpur,Jadavpur,16 /3/1950,
,,,,,,,,
16 /3/1955,"Bavaliya,Shri Kunwarjibhai Mohanbhai",INC,Rajkot (Gujarat ),Rajkot ,Rajkot ,Rajkot ,16 /3/1955,
,,,,,,,,
16 /3/1955,"Patil,Shri Chandrakant Raghunath",BJP,Navsari (Gujarat ),Navsari ,Navsari ,Navsari ,16 /3/1955,
,,,,,,,,
17 /3/1981,"Rane,Dr. Nilesh Narayan",INC,Ratnagiri-Sindhudurg(Maharashtra ),Ratnagiri-Sindhudurg,Ratnagiri-Sindhudurg,Ratnagiri-Sindhudurg,17 /3/1981,
,,,,,,,,
,,,,,,,,
18 /3/1955,"Danve,Shri Raosaheb Patil",BJP,Jalna (Maharashtra ),Jalna ,Jalna ,Jalna ,18 /3/1955,
,,,,,,,,
19 /3/1969,"Jeyadurai,Shri S. R.",DMK,Thoothukkudi(Tamil Nadu ),Thoothukkudi,Thoothukkudi,Thoothukkudi,19 /3/1969,
,,,,,,,,
21 /3/1959,"Roy,Shri Nripendra Nath",AIFB,Coochbehar(West Bengal ),Coochbehar,Coochbehar,Coochbehar,21 /3/1959,
,,,,,,,,
22 /3/1949,"Muttemwar,Shri Vilas Baburao",INC,Nagpur(Maharashtra ),Nagpur,Nagpur,Nagpur,22 /3/1949,
,,,,,,,,
,,,,,,,,
23 /3/1957,"Singh, Smt. Rajesh Nandini",INC,Shahdol(Madhya Pradesh ),Shahdol,Shahdol,Shahdol,23 /3/1957,
,,,,,,,,
23 /3/1958,"Maadam,Shri Vikrambhai Arjanbhai",INC,Jamnagar(Gujarat ),Jamnagar,Jamnagar,Jamnagar,23 /3/1958,
,,,,,,,,
23 /3/1962,"Yadav,Shri Om Prakash",Ind.,Siwan(Bihar ),Siwan,Siwan,Siwan,23 /3/1962,
,,,,,,,,
29 /3/1947,"Baba,Shri K.C. Singh",INC,Nainital-Udhamsingh Nagar(Uttarakhand ),Nainital-Udhamsingh Nagar,Nainital-Udhamsingh Nagar,Nainital-Udhamsingh Nagar,29 /3/1947,
,,,,,,,,
,,,,,,,,
31 /3/1945,"Kumar,Smt. Meira",INC,Sasaram(Bihar ),Sasaram,Sasaram,Sasaram,31 /3/1945,
,,,,,,,,
,,,,,,,,
1/4/50,"Hussain,Shri Ismail",INC,Barpeta(Assam ),Barpeta,Barpeta,Barpeta,1/4/50,
,,,,,,,,
1/4/51,"Saroj,Smt. Sushila",SP,Mohanlalganj(Uttar Pradesh ),Mohanlalganj,Mohanlalganj,Mohanlalganj,1/4/51,
,,,,,,,,
1/4/56,"Satpathy,Shri Tathagata",BJD,Dhenkanal(Odisha ),Dhenkanal,Dhenkanal,Dhenkanal,1/4/56,
,,,,,,,,
,,,,,,,,
2/4/56,"Chowdhury,Shri Adhir Ranjan",INC,Baharampur(West Bengal ),Baharampur,Baharampur,Baharampur,2/4/56,
,,,,,,,,
,,,,,,,,
3/4/62,"Nahata,Smt. P. Jaya Prada",SP,Rampur(Uttar Pradesh ),Rampur,Rampur,Rampur,3/4/62,
,,,,,,,,
3/4/67,"Singh,Shri Radhe Mohan",SP,Ghazipur(Uttar Pradesh ),Ghazipur,Ghazipur,Ghazipur,3/4/67,
,,,,,,,,
3/4/74,"Biju,Shri Parayamparanbil Kuttappan",CPI(M),Alathur(Kerala ),Alathur,Alathur,Alathur,3/4/74,
,,,,,,,,
4/4/50,"Dhanapalan,Shri K. P.",INC,Chalakudy(Kerala ),Chalakudy,Chalakudy,Chalakudy,4/4/50,
,,,,,,,,
4/4/54,"Sarvey,Shri Sathyanarayana",INC,Malkajgiri(Andhra Pradesh ),Malkajgiri,Malkajgiri,Malkajgiri,4/4/54,
,,,,,,,,
,,,,,,,,
,,,,,,,,
9/4/71,"Jat,Smt. Poonam Veljibhai",BJP,Kachchh(Gujarat ),Kachchh,Kachchh,Kachchh,9/4/71,
,,,,,,,,
11/4/64,"Botcha ,Dr. (Smt.) Jhansi Lakshmi",INC,Vizianagaram(Andhra Pradesh ),Vizianagaram,Vizianagaram,Vizianagaram,11/4/64,
,,,,,,,,
11/4/82,"Sayeed,Shri Hamdullah",INC,Lakshadweep(Lakshadweep ),Lakshadweep,Lakshadweep,Lakshadweep,11/4/82,
,,,,,,,,
12/4/34,"Chitthan,Shri N.S.V.",INC,Dindigul(Tamil Nadu ),Dindigul,Dindigul,Dindigul,12/4/34,
,,,,,,,,
12/4/35,"Tandon,Shri Lal Ji",BJP,Lucknow(Uttar Pradesh ),Lucknow,Lucknow,Lucknow,12/4/35,
,,,,,,,,
12/4/43,"Mahajan,Smt. Sumitra",BJP,Indore(Madhya Pradesh ),Indore,Indore,Indore,12/4/43,
,,,,,,,,
,,,,,,,,
15 /4/1946,"Sardinha,Shri Francisco",INC,South Goa(Goa ),South Goa,South Goa,South Goa,15 /4/1946,
,,,,,,,,
,,,,,,,,
15 /4/1972,"Naik,Dr. Sanjeev Ganesh",NCP,Thane(Maharashtra ),Thane,Thane,Thane,15 /4/1972,
,,,,,,,,
17 /4/1953,"Baite,Shri Thangso",INC,Outer Manipur(Manipur ),Outer Manipur,Outer Manipur,Outer Manipur,17 /4/1953,
,,,,,,,,
,,,,,,,,
18 /4/1945,"Yadav, Prof. Ranjan Prasad",JD(U),Pataliputra(Bihar ),Pataliputra,Pataliputra,Pataliputra,18 /4/1945,
,,,,,,,,
,,,,,,,,
18 /4/1971,"Laguri,Shri Yashbant Narayan Singh",BJD,Keonjhar(Odisha ),Keonjhar,Keonjhar,Keonjhar,18 /4/1971,
,,,,,,,,
20 /4/1936,"Munda,Shri Kariya",BJP,Khunti(Jharkhand ),Khunti,Khunti,Khunti,20 /4/1936,
,,,,,,,,
,,,,,,,,
,,,,,,,,
20 /4/1945,"Karunakaran,Shri P.",CPI(M),Kasaragod(Kerala ),Kasaragod,Kasaragod,Kasaragod,20 /4/1945,
,,,,,,,,
,,,,,,,,
,,,,,,,,
20 /4/1955,"Kumar,Shri Ramesh",INC,South Delhi(Delhi ),South Delhi,South Delhi,South Delhi,20 /4/1955,
,,,,,,,,
,,,,,,,,
20 /4/1955,"Singh,Shri Mahabali",JD(U),Karakat(Bihar ),Karakat,Karakat,Karakat,20 /4/1955,
,,,,,,,,
21 /4/1952,"Raghavan,Shri M. K.",INC,Kozhikode (Kerala ),Kozhikode ,Kozhikode ,Kozhikode ,21 /4/1952,
,,,,,,,,
,,,,,,,,
21 /4/1971,"Kumar,Shri P.",AIADMK,Tiruchirappalli(Tamil Nadu ),Tiruchirappalli,Tiruchirappalli,Tiruchirappalli,21 /4/1971,
,,,,,,,,
22 /4/1954,"Sharma,Shri Madan Lal",INC,Jammu (Jammu and Kashmir ),Jammu ,Jammu ,Jammu ,22 /4/1954,
,,,,,,,,
22 /4/1959,"Purandeswari,Smt. Daggubati",INC,Visakhapatnam(Andhra Pradesh ),Visakhapatnam,Visakhapatnam,Visakhapatnam,22 /4/1959,
,,,,,,,,
,,,,,,,,
,,,,,,,,
,,,,,,,,
24 /4/1947,"Naqvi,Shri Zafar Ali",INC,Kheri (Uttar Pradesh ),Kheri ,Kheri ,Kheri ,24 /4/1947,
,,,,,,,,
,,,,,,,,
25 /4/1951,"Pandey,Shri Gorakh Nath",BSP,Bhadohi(Uttar Pradesh ),Bhadohi,Bhadohi,Bhadohi,25 /4/1951,
,,,,,,,,
25 /4/1955,"Kachhadia,Shri Naranbhai",BJP,Amreli (Gujarat ),Amreli ,Amreli ,Amreli ,25 /4/1955,
,,,,,,,,
25 /4/1964,"Singh,Shri Ratanjit Pratap Narain",INC,Kushi Nagar(Uttar Pradesh ),Kushi Nagar,Kushi Nagar,Kushi Nagar,25 /4/1964,
,,,,,,,,
,,,,,,,,
25 /4/1968,"Baske,Dr. Pulin Bihari",CPI(M),Jhargram (West Bengal ),Jhargram ,Jhargram ,Jhargram ,25 /4/1968,
,,,,,,,,
27 /4/1946,"Patasani,Dr. (Prof.) Prasanna Kumar",BJD,Bhubaneswar(Odisha ),Bhubaneswar,Bhubaneswar,Bhubaneswar,27 /4/1946,
,,,,,,,,
,,,,,,,,
27 /4/1948,"Rawat,Shri Harish ",INC,Hardwar(Uttarakhand ),Hardwar,Hardwar,Hardwar,27 /4/1948,
,,,,,,,,
,,,,,,,,
28 /4/1952,"Venugopal,Dr. Ponnusamy",AIADMK,Tiruvallur(Tamil Nadu ),Tiruvallur,Tiruvallur,Tiruvallur,28 /4/1952,
,,,,,,,,
,,,,,,,,
29 /4/1938,"Ahamed,Shri E.",IUML,Malappuram(Kerala ),Malappuram,Malappuram,Malappuram,29 /4/1938,
,,,,,,,,
,,,,,,,,
,,,,,,,,
29 /4/1954,"Manian,Shri O. S.",AIADMK,Mayiladuthurai(Tamil Nadu ),Mayiladuthurai,Mayiladuthurai,Mayiladuthurai,29 /4/1954,
,,,,,,,,
29 /4/1958,"Potai,Shri Sohan",BJP,Kanker(Chhattisgarh ),Kanker,Kanker,Kanker,29 /4/1958,
,,,,,,,,
,,,,,,,,
29 /4/1959,"Singh,Rajkumari Ratna",INC,Pratapgarh(Uttar Pradesh ),Pratapgarh,Pratapgarh,Pratapgarh,29 /4/1959,
,,,,,,,,
,,,,,,,,
1/5/44,"Kalmadi,Shri Suresh",INC,Pune(Maharashtra ),Pune,Pune,Pune,1/5/44,
,,,,,,,,
,,,,,,,,
1/5/57,"Antony,Shri Anto ",INC,Pathanamthitta(Kerala ),Pathanamthitta,Pathanamthitta,Pathanamthitta,1/5/57,
,,,,,,,,
,,,,,,,,
2/5/54,"Toppo,Shri Joseph ",AGP,Tezpur(Assam ),Tezpur,Tezpur,Tezpur,2/5/54,
,,,,,,,,
,,,,,,,,
4/5/41,"Basavaraj,Shri Gangasandra Siddappa",BJP,Tumkur(Karnataka ),Tumkur,Tumkur,Tumkur,4/5/41,
,,,,,,,,
4/5/50,"Rao,Shri Konakalla Narayana",TDP,Machilipatnam(Andhra Pradesh ),Machilipatnam,Machilipatnam,Machilipatnam,4/5/50,
,,,,,,,,
,,,,,,,,
4/5/66,"Mohapatra,Shri Sidhant ",BJD,Berhampur (Odisha ),Berhampur ,Berhampur ,Berhampur ,4/5/66,
,,,,,,,,
4/5/72,"Patel,Shri Natubhai Gomanbhai",BJP,Dadra and Nagar Haveli(Dadra and Nagar Haveli ),Dadra and Nagar Haveli,Dadra and Nagar Haveli,Dadra and Nagar Haveli,4/5/72,
,,,,,,,,
,,,,,,,,
5/5/49,"Rama Devi,Smt. ",BJP,Sheohar(Bihar ),Sheohar,Sheohar,Sheohar,5/5/49,
,,,,,,,,
,,,,,,,,
5/5/61,"Yadav,Shri M. Anjan Kumar",INC,Secunderabad(Andhra Pradesh ),Secunderabad,Secunderabad,Secunderabad,5/5/61,
,,,,,,,,
5/5/63,"Verma,Smt. Usha",SP,Hardoi(Uttar Pradesh ),Hardoi,Hardoi,Hardoi,5/5/63,
,,,,,,,,
,,,,,,,,
5/5/66,"Patle,Smt. Kamla Devi ",BJP,Janjgir-Champa(Chhattisgarh ),Janjgir-Champa,Janjgir-Champa,Janjgir-Champa,5/5/66,
,,,,,,,,
8/5/56,"Adhalrao Patil,Shri Shivaji",SS,Shirur(Maharashtra ),Shirur,Shirur,Shirur,8/5/56,
,,,,,,,,
8/5/59,"Aron,Shri Praveen Singh.",INC,Bareilly(Uttar Pradesh ),Bareilly,Bareilly,Bareilly,8/5/59,
,,,,,,,,
,,,,,,,,
,,,,,,,,
8/5/67,"Prabhakar,Shri Ponnam",INC,Karimnagar(Andhra Pradesh ),Karimnagar,Karimnagar,Karimnagar,8/5/67,
,,,,,,,,
9/5/51,"Gandhi,Shri Dilip Kumar Mansukhlal",BJP,Ahmednagar(Maharashtra ),Ahmednagar,Ahmednagar,Ahmednagar,9/5/51,
,,,,,,,,
10/5/46,"Thomas,Prof. Kuruppassery Varkey",INC,Ernakulam(Kerala ),Ernakulam,Ernakulam,Ernakulam,10/5/46,
,,,,,,,,
,,,,,,,,
,,,,,,,,
10/5/63,"Raja,Shri Andimuthu",DMK,Nilgiris (Tamil Nadu ),Nilgiris ,Nilgiris ,Nilgiris ,10/5/63,
,,,,,,,,
,,,,,,,,
10/5/65,"Nagar,Shri Surendra Singh",BSP,Gautam Buddha Nagar(Uttar Pradesh ),Gautam Buddha Nagar,Gautam Buddha Nagar,Gautam Buddha Nagar,10/5/65,
,,,,,,,,
11/5/48,"Sudhakaran,Shri Kumbakudi",INC,Kannur(Kerala ),Kannur,Kannur,Kannur,11/5/48,
,,,,,,,,
,,,,,,,,
11/5/58,"Pradhan,Shri Amarnath",INC,Sambalpur(Odisha ),Sambalpur,Sambalpur,Sambalpur,11/5/58,
,,,,,,,,
13 /5/1950,"Aaroon Rasheed,Shri J.M.",INC,Theni(Tamil Nadu ),Theni,Theni,Theni,13 /5/1950,
,,,,,,,,
,,,,,,,,
13 /5/1969,"Owaisi,Shri Asaduddin",AIMIM,Hyderabad(Andhra Pradesh ),Hyderabad,Hyderabad,Hyderabad,13 /5/1969,
,,,,,,,,
13 /5/1970,"Choudhary,Shri Harish",INC,Barmer(Rajasthan ),Barmer,Barmer,Barmer,13 /5/1970,
,,,,,,,,
,,,,,,,,
15 /5/1967,"Takam Sanjoy,Shri ",INC,Arunachal West(Arunachal Pradesh ),Arunachal West,Arunachal West,Arunachal West,15 /5/1967,
,,,,,,,,
,,,,,,,,
16 /5/1965,"Tudu,Shri Laxman",BJD,Mayurbhanj(Odisha ),Mayurbhanj,Mayurbhanj,Mayurbhanj,16 /5/1965,
,,,,,,,,
16 /5/1973,"Paranjpe,Shri Anand Prakash",SS,Kalyan(Maharashtra ),Kalyan,Kalyan,Kalyan,16 /5/1973,
,,,,,,,,
,,,,,,,,
17 /5/1940,"Haldar,Dr. Sucharu Ranjan",AITC,Ranaghat (West Bengal ),Ranaghat ,Ranaghat ,Ranaghat ,17 /5/1940,
,,,,,,,,
18 /5/1933,"Devegowda,Shri H.D.",JD(S),Hassan(Karnataka ),Hassan,Hassan,Hassan,18 /5/1933,
,,,,,,,,
,,,,,,,,
19 /5/1952,"Singh,Shri Murarilal",BJP,Surguja(Chhattisgarh ),Surguja,Surguja,Surguja,19 /5/1952,
,,,,,,,,
,,,,,,,,
20 /5/1960,"Singh,Shri Bhoopendra ",BJP,Sagar(Madhya Pradesh ),Sagar,Sagar,Sagar,20 /5/1960,
,,,,,,,,
20 /5/1964,"Perumal,Shri Viswanathan",INC,Kancheepuram(Tamil Nadu ),Kancheepuram,Kancheepuram,Kancheepuram,20 /5/1964,
,,,,,,,,
,,,,,,,,
,,,,,,,,
20 /5/1967,"Udasi,Shri Shivkumar Chanabasappa",BJP,Haveri(Karnataka ),Haveri,Haveri,Haveri,20 /5/1967,
,,,,,,,,
20 /5/1968,"Hegde,Shri Anant Kumar Dattatreya",BJP,Uttara Kannada(Karnataka ),Uttara Kannada,Uttara Kannada,Uttara Kannada,20 /5/1968,
,,,,,,,,
,,,,,,,,
22 /5/1951,"Jagannath,Dr. M.",INC,Nagarkurnool(Andhra Pradesh ),Nagarkurnool,Nagarkurnool,Nagarkurnool,22 /5/1951,
,,,,,,,,
22 /5/1956,"Rana ,Shri Rajendrasinh (Raju Rana)",BJP,Bhavnagar(Gujarat ),Bhavnagar,Bhavnagar,Bhavnagar,22 /5/1956,
,,,,,,,,
23 /5/1973,"Gawali (Patil),Ms. Bhavana",SS,Yavatmal-Washim(Maharashtra ),Yavatmal-Washim,Yavatmal-Washim,Yavatmal-Washim,23 /5/1973,
,,,,,,,,
24 /5/1942,"Kurup,Shri N. Peethambara",INC,Kollam(Kerala ),Kollam,Kollam,Kollam,24 /5/1942,
,,,,,,,,
25 /5/1937,"Patel,Shri Dinsha J.",INC,Kheda(Gujarat ),Kheda,Kheda,Kheda,25 /5/1937,
,,,,,,,,
,,,,,,,,
,,,,,,,,
26 /5/1963,"Thamaraiselvan,Shri R.",DMK,Dharmapuri(Tamil Nadu ),Dharmapuri,Dharmapuri,Dharmapuri,26 /5/1963,
,,,,,,,,
26 /5/1974,"Singh Deo,Shri Kalikesh Narayan ",BJD,Bolangir(Odisha ),Bolangir,Bolangir,Bolangir,26 /5/1974,
,,,,,,,,
28 /5/1959,"Abdul Rahman,Shri ",DMK,Vellore(Tamil Nadu ),Vellore,Vellore,Vellore,28 /5/1959,
,,,,,,,,
29 /5/1965,"Mani,Shri Jose K.",KC(M),Kottayam(Kerala ),Kottayam,Kottayam,Kottayam,29 /5/1965,
,,,,,,,,
,,,,,,,,
29 /5/1966,"Reddy,Shri Modugula Venugopala ",TDP,Narasaraopet (Andhra Pradesh ),Narasaraopet ,Narasaraopet ,Narasaraopet ,29 /5/1966,
,,,,,,,,
,,,,,,,,
30 /5/1947,"Narayanasamy,Shri V.",INC,Puducherry(Puducherry ),Puducherry,Puducherry,Puducherry,30 /5/1947,
,,,,,,,,
,,,,,,,,
,,,,,,,,
30 /5/1955,"Sushant,Dr. Rajan",BJP,Kangra(Himachal Pradesh ),Kangra,Kangra,Kangra,30 /5/1955,
,,,,,,,,
1/6/40,"Patil ,Dr. Padmasinha Bajirao",NCP,Osmanabad(Maharashtra ),Osmanabad,Osmanabad,Osmanabad,1/6/40,
,,,,,,,,
1/6/47,"Adsul,Shri Anandrao ",SS,Amravati(Maharashtra ),Amravati,Amravati,Amravati,1/6/47,
,,,,,,,,
,,,,,,,,
1/6/50,"Bhuria,Shri Kantilal",INC,Ratlam(Madhya Pradesh ),Ratlam,Ratlam,Ratlam,1/6/50,
,,,,,,,,
,,,,,,,,
1/6/51,"Gaddigoudar,Shri Parvatagouda Chandanagouda",BJP,Bagalkot(Karnataka ),Bagalkot,Bagalkot,Bagalkot,1/6/51,
,,,,,,,,
1/6/51,"Rathwa,Shri Ramsinh Patalyabhai",BJP,Chhota Udaipur (Gujarat ),Chhota Udaipur ,Chhota Udaipur ,Chhota Udaipur ,1/6/51,
,,,,,,,,
1/6/51,"Amlabe,Shri Narayan Singh",INC,Rajgarh(Madhya Pradesh ),Rajgarh,Rajgarh,Rajgarh,1/6/51,
,,,,,,,,
1/6/52,"Hari,Shri Sabbam",INC,Anakapalli(Andhra Pradesh ),Anakapalli,Anakapalli,Anakapalli,1/6/52,
,,,,,,,,
1/6/53,"Jawale,Shri Haribhau Madhav",BJP,Raver(Maharashtra ),Raver,Raver,Raver,1/6/53,
,,,,,,,,
1/6/55,"Angadi,Shri Suresh Chanabasappa",BJP,Belgaum(Karnataka ),Belgaum,Belgaum,Belgaum,1/6/55,
,,,,,,,,
1/6/57,"Vasava,Shri Mansukhbhai D.",BJP,Bharuch(Gujarat ),Bharuch,Bharuch,Bharuch,1/6/57,
,,,,,,,,
,,,,,,,,
1/6/59,"Sahu,Shri Chandu Lal ",BJP,Mahasamund (Chhattisgarh ),Mahasamund ,Mahasamund ,Mahasamund ,1/6/59,
,,,,,,,,
1/6/60,"Taware ,Shri Suresh Kashinath",INC,Bhiwandi(Maharashtra ),Bhiwandi,Bhiwandi,Bhiwandi,1/6/60,
,,,,,,,,
1/6/67,"Reddy,Shri Komatireddy Raj Gopal",INC,Bhongir(Andhra Pradesh ),Bhongir,Bhongir,Bhongir,1/6/67,
,,,,,,,,
1/6/67,"Shetti ,Shri Raju alias Devappa Anna",SWP,Hatkanangle(Maharashtra ),Hatkanangle,Hatkanangle,Hatkanangle,1/6/67,
,,,,,,,,
1/6/73,"Shantha,Smt. J.",BJP,Bellary (Karnataka ),Bellary ,Bellary ,Bellary ,1/6/73,
,,,,,,,,
,,,,,,,,
1/6/75,"Tagore,Shri Manicka",INC,Virudhunagar(Tamil Nadu ),Virudhunagar,Virudhunagar,Virudhunagar,1/6/75,
,,,,,,,,
,,,,,,,,
2/6/47,"Mahto,Shri Baidyanath Prasad",JD(U),Valmiki Nagar(Bihar ),Valmiki Nagar,Valmiki Nagar,Valmiki Nagar,2/6/47,
,,,,,,,,
2/6/51,"Geete,Shri Anant Gangaram",SS,Raigad (Maharashtra ),Raigad ,Raigad ,Raigad ,2/6/51,
,,,,,,,,
2/6/56,"Jadhav ,Shri Baliram Sukur",BVA,Palghar(Maharashtra ),Palghar,Palghar,Palghar,2/6/56,
,,,,,,,,
,,,,,,,,
,,,,,,,,
2/6/63,"Gandhiselvan,Shri S.",DMK,Namakkal(Tamil Nadu ),Namakkal,Namakkal,Namakkal,2/6/63,
,,,,,,,,
,,,,,,,,
,,,,,,,,
2/6/64,"Patel,Shri Kishanbhai Vestabhai",INC,Valsad(Gujarat ),Valsad,Valsad,Valsad,2/6/64,
,,,,,,,,
2/6/66,"Dhurve,Smt. Jyoti",BJP,Betul(Madhya Pradesh ),Betul,Betul,Betul,2/6/66,
,,,,,,,,
3/6/59,"Malik,Shri Sakti Mohan",CPI(M),Arambagh (West Bengal ),Arambagh ,Arambagh ,Arambagh ,3/6/59,
,,,,,,,,
4/6/50,"Trivedi,Shri Dinesh",AITC,Barrackpur(West Bengal ),Barrackpur,Barrackpur,Barrackpur,4/6/50,
,,,,,,,,
,,,,,,,,
4/6/50,"Reddy,Shri S.P.Y.",INC,Nandyal(Andhra Pradesh ),Nandyal,Nandyal,Nandyal,4/6/50,
,,,,,,,,
,,,,,,,,
4/6/62,"Singh,Shri Rakesh",BJP,Jabalpur(Madhya Pradesh ),Jabalpur,Jabalpur,Jabalpur,4/6/62,
,,,,,,,,
4/6/62,"Kodikunnil,Shri Suresh",INC,Mavelikkara(Kerala ),Mavelikkara,Mavelikkara,Mavelikkara,4/6/62,
,,,,,,,,
,,,,,,,,
4/6/68,"Swamy,Shri Janardhana",BJP,Chitradurga(Karnataka ),Chitradurga,Chitradurga,Chitradurga,4/6/68,
,,,,,,,,
5/6/72,"Adityanath ,Shri Yogi",BJP,Gorakhpur(Uttar Pradesh ),Gorakhpur,Gorakhpur,Gorakhpur,5/6/72,
,,,,,,,,
6/6/46,"Singh,Dr. Raghuvansh Prasad",RJD,Vaishali(Bihar ),Vaishali,Vaishali,Vaishali,6/6/46,
,,,,,,,,
6/6/53,"Ahmed,Shri Sultan ",AITC,Uluberia(West Bengal ),Uluberia,Uluberia,Uluberia,6/6/53,
,,,,,,,,
,,,,,,,,
6/6/64,"Naik,Shri Porika Balram",INC,Mahabubabad(Andhra Pradesh ),Mahabubabad,Mahabubabad,Mahabubabad,6/6/64,
,,,,,,,,
,,,,,,,,
,,,,,,,,
7/6/43,"Rao,Shri Rayapati Sambasiva",INC,Guntur (Andhra Pradesh ),Guntur ,Guntur ,Guntur ,7/6/43,
,,,,,,,,
,,,,,,,,
9/6/38,"Jatua,Shri Choudhury Mohan",AITC,Mathurapur (West Bengal ),Mathurapur ,Mathurapur ,Mathurapur ,9/6/38,
,,,,,,,,
,,,,,,,,
,,,,,,,,
,,,,,,,,
9/6/40,"Krishnasswamy,Shri M.",INC,Arani(Tamil Nadu ),Arani,Arani,Arani,9/6/40,
,,,,,,,,
,,,,,,,,
9/6/45,"Semmalai,Shri S. ",AIADMK,Salem(Tamil Nadu ),Salem,Salem,Salem,9/6/45,
,,,,,,,,
,,,,,,,,
,,,,,,,,
9/6/59,"Harsha Kumar,Shri G.V.",INC,Amalapuram(Andhra Pradesh ),Amalapuram,Amalapuram,Amalapuram,9/6/59,
,,,,,,,,
,,,,,,,,
9/6/64,"Singh,Shri Uday Pratap",INC,Hoshangabad(Madhya Pradesh ),Hoshangabad,Hoshangabad,Hoshangabad,9/6/64,
,,,,,,,,
10/6/47,"Ganeshamurthi,Shri A.",MDMK,Erode(Tamil Nadu ),Erode,Erode,Erode,10/6/47,
,,,,,,,,
10/6/62,"Ghubaya,Shri Sher Singh",SAD,Ferozpur(Punjab ),Ferozpur,Ferozpur,Ferozpur,10/6/62,
,,,,,,,,
11/6/44,"Reddy,Shri Mekapati Rajamohan",YSR Congress Party,Nellore(Andhra Pradesh ),Nellore,Nellore,Nellore,11/6/44,
,,,,,,,,
11/6/48,"Lalu Prasad,Shri ",RJD,Saran(Bihar ),Saran,Saran,Saran,11/6/48,
,,,,,,,,
12/6/57,"Tomar,Shri Narendra Singh ",BJP,Morena(Madhya Pradesh ),Morena,Morena,Morena,12/6/57,
,,,,,,,,
,,,,,,,,
12/6/68,"Kataria,Shri Lalchand",INC,Jaipur Rural (Rajasthan ),Jaipur Rural ,Jaipur Rural ,Jaipur Rural ,12/6/68,
,,,,,,,,
,,,,,,,,
,,,,,,,,
12/6/71,"Singh,Shri Jitendra",INC,Alwar(Rajasthan ),Alwar,Alwar,Alwar,12/6/71,
,,,,,,,,
,,,,,,,,
,,,,,,,,
,,,,,,,,
14 /6/1954,"Bali Ram,Dr. ",BSP,Lalganj(Uttar Pradesh ),Lalganj,Lalganj,Lalganj,14 /6/1954,
,,,,,,,,
15 /6/1941,"Baalu,Thiru Thalikkottai Rajuthevar",DMK,Sriperumbudur(Tamil Nadu ),Sriperumbudur,Sriperumbudur,Sriperumbudur,15 /6/1941,
,,,,,,,,
15 /6/1941,"Chauhan,Shri Prabhatsinh Pratapsinh",BJP,Panchmahal(Gujarat ),Panchmahal,Panchmahal,Panchmahal,15 /6/1941,
,,,,,,,,
16 /6/1941,"Naskar,Shri Gobinda Chandra",AITC,Bangaon(West Bengal ),Bangaon,Bangaon,Bangaon,16 /6/1941,
,,,,,,,,
,,,,,,,,
16 /6/1956,"Singh,Smt. Pratibha",INC,Mandi(Himachal Pradesh ),Mandi,Mandi,Mandi,16 /6/1956,
,,,,,,,,
,,,,,,,,
16 /6/1958,"Tamta,Shri Pradeep",INC,Almora(Uttarakhand ),Almora,Almora,Almora,16 /6/1958,
,,,,,,,,
,,,,,,,,
,,,,,,,,
17 /6/1950,"Solanki,Dr. Kirit Premjibhai",BJP,Ahmedabad West(Gujarat ),Ahmedabad West,Ahmedabad West,Ahmedabad West,17 /6/1950,
,,,,,,,,
17 /6/1964,"Tarai,Shri Bibhu Prasad",CPI,Jagatsinghpur(Odisha ),Jagatsinghpur,Jagatsinghpur,Jagatsinghpur,17 /6/1964,
,,,,,,,,
18 /6/1950,"Jena,Shri Srikant Kumar",INC,Balasore(Odisha ),Balasore,Balasore,Balasore,18 /6/1950,
,,,,,,,,
,,,,,,,,
,,,,,,,,
18 /6/1964,"Pandey,Dr. Vinay Kumar ""Vinnu""",INC,Shrawasti(Uttar Pradesh ),Shrawasti,Shrawasti,Shrawasti,18 /6/1964,
,,,,,,,,
,,,,,,,,
,,,,,,,,
19 /6/1950,"Ray,Shri Bishnu Pada",BJP,Andaman and Nicobar Islands(Andaman and Nicobar Islands ),Andaman and Nicobar Islands,Andaman and Nicobar Islands,Andaman and Nicobar Islands,19 /6/1950,
,,,,,,,,
,,,,,,,,
,,,,,,,,
19 /6/1954,"Scindia,Smt. Yashodhara Raje",BJP,Gwalior(Madhya Pradesh ),Gwalior,Gwalior,Gwalior,19 /6/1954,
,,,,,,,,
19 /6/1970,"Gandhi,Shri Rahul",INC,Amethi(Uttar Pradesh ),Amethi,Amethi,Amethi,19 /6/1970,
,,,,,,,,
,,,,,,,,
22 /6/1959,"Patel,Smt. Jayshreeben ",BJP,Mahesana(Gujarat ),Mahesana,Mahesana,Mahesana,22 /6/1959,
,,,,,,,,
,,,,,,,,
22 /6/1968,"Pandey,Km. Saroj",BJP,Durg (Chhattisgarh ),Durg ,Durg ,Durg ,22 /6/1968,
,,,,,,,,
23 /6/1952,"Babbar,Shri Raj",INC,Firozabad(Uttar Pradesh ),Firozabad,Firozabad,Firozabad,23 /6/1952,
,,,,,,,,
,,,,,,,,
24 /6/1966,"Shanthi,Smt. M. Vijaya",TRS,Medak (Andhra Pradesh ),Medak ,Medak ,Medak ,24 /6/1966,
,,,,,,,,
25 /6/1947,"Kanumuri,Shri Bapi Raju",INC,Narsapuram(Andhra Pradesh ),Narsapuram,Narsapuram,Narsapuram,25 /6/1947,
,,,,,,,,
,,,,,,,,
27 /6/1957,"Sivasami,Shri C.",AIADMK,Tiruppur(Tamil Nadu ),Tiruppur,Tiruppur,Tiruppur,27 /6/1957,
,,,,,,,,
27 /6/1963,"Singh,Shri Sushil Kumar",JD(U),Aurangabad(Bihar ),Aurangabad,Aurangabad,Aurangabad,27 /6/1963,
,,,,,,,,
,,,,,,,,
28 /6/1952,"Jigajinagi,Shri Ramesh Chandappa",BJP,Bijapur(Karnataka ),Bijapur,Bijapur,Bijapur,28 /6/1952,
,,,,,,,,
28 /6/1954,"Haque,Prof. Sk. Saidul",CPI(M),Bardhaman-Durgapur(West Bengal ),Bardhaman-Durgapur,Bardhaman-Durgapur,Bardhaman-Durgapur,28 /6/1954,
,,,,,,,,
30 /6/1969,"Sule,Smt. Supriya Sadanand",NCP,Baramati(Maharashtra ),Baramati,Baramati,Baramati,30 /6/1969,
,,,,,,,,
,,,,,,,,
,,,,,,,,
1/7/46,"Basheer,Shri E. T. Mohammed",IUML,Ponnani (Kerala ),Ponnani ,Ponnani ,Ponnani ,1/7/46,
,,,,,,,,
,,,,,,,,
1/7/47,"Yadav,Shri Sharad",JD(U),Madhepura(Bihar ),Madhepura,Madhepura,Madhepura,1/7/47,
,,,,,,,,
,,,,,,,,
1/7/48,"Mandal,Shri Mangani Lal",JD(U),Jhanjharpur(Bihar ),Jhanjharpur,Jhanjharpur,Jhanjharpur,1/7/48,
,,,,,,,,
1/7/51,"Yadav,Shri Dinesh Chandra",JD(U),Khagaria(Bihar ),Khagaria,Khagaria,Khagaria,1/7/51,
,,,,,,,,
1/7/57,"Yadav,Shri Ramakant",BJP,Azamgarh(Uttar Pradesh ),Azamgarh,Azamgarh,Azamgarh,1/7/57,
,,,,,,,,
,,,,,,,,
1/7/57,"Thakor,Shri Jagdish",INC,Patan(Gujarat ),Patan,Patan,Patan,1/7/57,
,,,,,,,,
2/7/51,"Sahai,Shri Subodh Kant",INC,Ranchi(Jharkhand ),Ranchi,Ranchi,Ranchi,2/7/51,
,,,,,,,,
,,,,,,,,
,,,,,,,,
2/7/52,"Lal,Shri Pakauri",SP,Robertsganj (Uttar Pradesh ),Robertsganj ,Robertsganj ,Robertsganj ,2/7/52,
,,,,,,,,
2/7/56,"Saroj,Shri Tufani",SP,Machhlishahr(Uttar Pradesh ),Machhlishahr,Machhlishahr,Machhlishahr,2/7/56,
,,,,,,,,
,,,,,,,,
2/7/62,"Singh,Shri Ganesh",BJP,Satna(Madhya Pradesh ),Satna,Satna,Satna,2/7/62,
,,,,,,,,
3/7/59,"Patel,Shri R.K. Singh",SP,Banda(Uttar Pradesh ),Banda,Banda,Banda,3/7/59,
,,,,,,,,
5/7/52,"Siddeshwara,Shri Gowdar Mallikarjunappa",BJP,Davanagere(Karnataka ),Davanagere,Davanagere,Davanagere,5/7/52,
,,,,,,,,
,,,,,,,,
6/7/40,"Awale ,Shri Jayawant Gangaram",INC,Latur(Maharashtra ),Latur,Latur,Latur,6/7/40,
,,,,,,,,
8/7/46,"Vyas,Dr.(Kum.) Girija",INC,Chittorgarh(Rajasthan ),Chittorgarh,Chittorgarh,Chittorgarh,8/7/46,
,,,,,,,,
,,,,,,,,
10/7/51,"Singh,Shri Rajnath",BJP,Ghaziabad(Uttar Pradesh ),Ghaziabad,Ghaziabad,Ghaziabad,10/7/51,
,,,,,,,,
10/7/62,"Thol,Shri Thirumaa Valavan",VCK,Chidambaram(Tamil Nadu ),Chidambaram,Chidambaram,Chidambaram,10/7/62,
,,,,,,,,
11/7/30,"Barq,Shri Shafiqur Rahman",BSP,Sambhal(Uttar Pradesh ),Sambhal,Sambhal,Sambhal,11/7/30,
,,,,,,,,
11/7/42,"Acharia,Shri Basudeb",CPI(M),Bankura(West Bengal ),Bankura,Bankura,Bankura,11/7/42,
,,,,,,,,
,,,,,,,,
11/7/49,"Singh,Shri Pashupati Nath",BJP,Dhanbad(Jharkhand ),Dhanbad,Dhanbad,Dhanbad,11/7/49,
,,,,,,,,
11/7/51,"Sivaprasad,Dr. Naramalli",TDP,Chittoor(Andhra Pradesh ),Chittoor,Chittoor,Chittoor,11/7/51,
,,,,,,,,
14 /7/1929,"Joshi,Shri Kailash",BJP,Bhopal(Madhya Pradesh ),Bhopal,Bhopal,Bhopal,14 /7/1929,
,,,,,,,,
14 /7/1957,"Jena,Shri Mohan",BJD,Jajpur (Odisha ),Jajpur ,Jajpur ,Jajpur ,14 /7/1957,
,,,,,,,,
,,,,,,,,
15 /7/1945,"Singh,Shri Jagadanand",RJD,Buxar(Bihar ),Buxar,Buxar,Buxar,15 /7/1945,
,,,,,,,,
15 /7/1946,"Sinha,Shri Shatrughan Prasad",BJP,Patna Sahib(Bihar ),Patna Sahib,Patna Sahib,Patna Sahib,15 /7/1946,
,,,,,,,,
,,,,,,,,
15 /7/1960,"Dasmunsi,Smt. Deepa ",INC,Raiganj(West Bengal ),Raiganj,Raiganj,Raiganj,15 /7/1960,
,,,,,,,,
,,,,,,,,
,,,,,,,,
16 /7/1948,"Bansal,Shri Pawan Kumar",INC,Chandigarh(Chandigarh ),Chandigarh,Chandigarh,Chandigarh,16 /7/1948,
,,,,,,,,
,,,,,,,,
,,,,,,,,
16 /7/1975,"Singh,Shri Dhananjay ",BSP,Jaunpur(Uttar Pradesh ),Jaunpur,Jaunpur,Jaunpur,16 /7/1975,
,,,,,,,,
,,,,,,,,
18 /7/1971,"Helen, Smt. Davidson J. ",DMK,Kanniyakumari(Tamil Nadu ),Kanniyakumari,Kanniyakumari,Kanniyakumari,18 /7/1971,
,,,,,,,,
20 /7/1947,"Pathak,Shri Harin",BJP,Ahmedabad East(Gujarat ),Ahmedabad East,Ahmedabad East,Ahmedabad East,20 /7/1947,
,,,,,,,,
20 /7/1954,"Chaudhary,Shri Haribhai Parthibhai",BJP,Banaskantha(Gujarat ),Banaskantha,Banaskantha,Banaskantha,20 /7/1954,
,,,,,,,,
21 /7/1942,"Kharge,Shri Mallikarjun ",INC,Gulbarga (Karnataka ),Gulbarga ,Gulbarga ,Gulbarga ,21 /7/1942,
,,,,,,,,
,,,,,,,,
,,,,,,,,
22 /7/1959,"Ananth Kumar,Shri ",BJP,Bangalore South(Karnataka ),Bangalore South,Bangalore South,Bangalore South,22 /7/1959,
,,,,,,,,
,,,,,,,,
22 /7/1962,"Sampath,Shri Anirudhan",CPI(M),Attingal(Kerala ),Attingal,Attingal,Attingal,22 /7/1962,
,,,,,,,,
23 /7/1944,"Patil,Shri Bhaskarrao Bapurao",INC,Nanded(Maharashtra ),Nanded,Nanded,Nanded,23 /7/1944,
,,,,,,,,
23 /7/1950,"Bakshi,Shri Subrata",AITC,Kolkata Dakshin(West Bengal ),Kolkata Dakshin,Kolkata Dakshin,Kolkata Dakshin,23 /7/1950,
,,,,,,,,
23 /7/1973,"Natrajan,Km. Meenakshi",INC,Mandsour(Madhya Pradesh ),Mandsour,Mandsour,Mandsour,23 /7/1973,
,,,,,,,,
,,,,,,,,
,,,,,,,,
24 /7/1963,"Mohan,Shri P. C.",BJP,Bangalore Central(Karnataka ),Bangalore Central,Bangalore Central,Bangalore Central,24 /7/1963,
,,,,,,,,
24 /7/1980,"Sangma,Kum. Agatha K.",NCP,Tura(Meghalaya ),Tura,Tura,Tura,24 /7/1980,
,,,,,,,,
,,,,,,,,
25 /7/1960,"Kumar,Shri Shailendra",SP,Kaushambi(Uttar Pradesh ),Kaushambi,Kaushambi,Kaushambi,25 /7/1960,
,,,,,,,,
25 /7/1963,"Chauhan,Shri Dara Singh",BSP,Ghosi(Uttar Pradesh ),Ghosi,Ghosi,Ghosi,25 /7/1963,
,,,,,,,,
25 /7/1964,"Chaudhary,Shri Arvind Kumar",BSP,Basti (Uttar Pradesh ),Basti ,Basti ,Basti ,25 /7/1964,
,,,,,,,,
25 /7/1966,"Badal,Smt. Harsimrat Kaur",SAD,Bathinda(Punjab ),Bathinda,Bathinda,Bathinda,25 /7/1966,
,,,,,,,,
26 /7/1972,"Mirdha,Dr. (Smt.) Jyoti",INC,Nagaur(Rajasthan ),Nagaur,Nagaur,Nagaur,26 /7/1972,
,,,,,,,,
,,,,,,,,
,,,,,,,,
29 /7/1950,"Joshi,Dr. C. P.",INC,Bhilwara(Rajasthan ),Bhilwara,Bhilwara,Bhilwara,29 /7/1950,
,,,,,,,,
,,,,,,,,
30 /7/1927,"Ola,Shri Sis Ram",INC,Jhunjhunu(Rajasthan ),Jhunjhunu,Jhunjhunu,Jhunjhunu,30 /7/1927,
,,,,,,,,
,,,,,,,,
31 /7/1953,"Mishra,Shri Mahabal ",INC,West Delhi(Delhi ),West Delhi,West Delhi,West Delhi,31 /7/1953,
,,,,,,,,
,,,,,,,,
31 /7/1954,"Rai,Shri Prem Das",SDF,Sikkim(Sikkim ),Sikkim,Sikkim,Sikkim,31 /7/1954,
,,,,,,,,
31 /7/1961,"Dhruvanarayana,Shri Rangaswamy",INC,Chamrajanagar(Karnataka ),Chamrajanagar,Chamrajanagar,Chamrajanagar,31 /7/1961,
,,,,,,,,
1/8/56,"Reddy,Shri Anantha Venkatarami",INC,Anantapur (Andhra Pradesh ),Anantapur ,Anantapur ,Anantapur ,1/8/56,
,,,,,,,,
,,,,,,,,
2/8/47,"Bais,Shri Ramesh",BJP,Raipur(Chhattisgarh ),Raipur,Raipur,Raipur,2/8/47,
,,,,,,,,
,,,,,,,,
2/8/49,"Mishra,Shri Govind Prasad",BJP,Sidhi (Madhya Pradesh ),Sidhi ,Sidhi ,Sidhi ,2/8/49,
,,,,,,,,
2/8/58,"Paul,Shri Tapas",AITC,Krishnanagar(West Bengal ),Krishnanagar,Krishnanagar,Krishnanagar,2/8/58,
,,,,,,,,
3/8/56,"Ramkishun,Shri ",SP,Chandauli(Uttar Pradesh ),Chandauli,Chandauli,Chandauli,3/8/56,
,,,,,,,,
,,,,,,,,
4/8/54,"Vundavalli,Shri Aruna Kumar",INC,Rajahmundry(Andhra Pradesh ),Rajahmundry,Rajahmundry,Rajahmundry,4/8/54,
,,,,,,,,
,,,,,,,,
6/8/47,"Roy,Prof. Saugata",AITC,Dum Dum(West Bengal ),Dum Dum,Dum Dum,Dum Dum,6/8/47,
,,,,,,,,
,,,,,,,,
,,,,,,,,
,,,,,,,,
6/8/60,"Rajendran,Shri C.",AIADMK,Chennai South(Tamil Nadu ),Chennai South,Chennai South,Chennai South,6/8/60,
,,,,,,,,
6/8/76,"Paswan,Shri Kamlesh ",BJP,Bansgaon(Uttar Pradesh ),Bansgaon,Bansgaon,Bansgaon,6/8/76,
,,,,,,,,
8/8/48,"Sibal,Shri Kapil",INC,Chandni Chowk(Delhi ),Chandni Chowk,Chandni Chowk,Chandni Chowk,8/8/48,
,,,,,,,,
,,,,,,,,
8/8/60,"Shetkar,Shri Suresh Kumar",INC,Zahirabad(Andhra Pradesh ),Zahirabad,Zahirabad,Zahirabad,8/8/60,
,,,,,,,,
9/8/80,"Baghel,Smt. Sarika Devendra Singh",RLD,Hathras(Uttar Pradesh ),Hathras,Hathras,Hathras,9/8/80,
,,,,,,,,
10/8/40,"Patel,Shri Somabhai Gandalal Koli",INC,Surendranagar(Gujarat ),Surendranagar,Surendranagar,Surendranagar,10/8/40,
,,,,,,,,
10/8/45,"Kaswan,Shri Ram Singh",BJP,Churu (Rajasthan ),Churu ,Churu ,Churu ,10/8/45,
,,,,,,,,
,,,,,,,,
10/8/62,"Kumar,Dr. (Shri) Ajay",JVM (P),Jamshedpur(Jharkhand ),Jamshedpur,Jamshedpur,Jamshedpur,10/8/62,
,,,,,,,,
14 /8/1952,"Pandey,Shri Rakesh",BSP,Ambedkar Nagar (Uttar Pradesh ),Ambedkar Nagar ,Ambedkar Nagar ,Ambedkar Nagar ,14 /8/1952,
,,,,,,,,
15 /8/1950,"Palanimanickam,Shri S.S.",DMK,Thanjavur (Tamil Nadu ),Thanjavur ,Thanjavur ,Thanjavur ,15 /8/1950,
,,,,,,,,
,,,,,,,,
15 /8/1964,"Dikshit,Shri Sandeep",INC,East Delhi(Delhi ),East Delhi,East Delhi,East Delhi,15 /8/1964,
,,,,,,,,
,,,,,,,,
16 /8/1955,"Pangi,Shri Jayaram",BJD,Koraput (Odisha ),Koraput ,Koraput ,Koraput ,16 /8/1955,
,,,,,,,,
16 /8/1973,"Yeddyurappa,Shri Raghavendra",BJP,Shimoga(Karnataka ),Shimoga,Shimoga,Shimoga,16 /8/1973,
,,,,,,,,
,,,,,,,,
22 /8/1970,"Yadav,Shri Madhusudan",BJP,Rajnandgaon(Chhattisgarh ),Rajnandgaon,Rajnandgaon,Rajnandgaon,22 /8/1970,
,,,,,,,,
23 /8/1950,"Shah,Smt. Mala Rajya Laxmi",BJP,Tehri Garhwal(Uttarakhand ),Tehri Garhwal,Tehri Garhwal,Tehri Garhwal,23 /8/1950,
,,,,,,,,
,,,,,,,,
24 /8/1952,"Verma,Shri Sajjan Singh",INC,Dewas(Madhya Pradesh ),Dewas,Dewas,Dewas,24 /8/1952,
,,,,,,,,
26 /8/1936,"Gowda,Shri Chandre D.B. ",BJP,Bangalore North(Karnataka ),Bangalore North,Bangalore North,Bangalore North,26 /8/1936,
,,,,,,,,
26 /8/1950,"Dias,Dr. Charles",INC,Nominated Anglo-Indian(Kerala ),Nominated Anglo-Indian,Nominated Anglo-Indian,Nominated Anglo-Indian,26 /8/1950,
,,,,,,,,
26 /8/1956,"Gandhi,Smt. Maneka Sanjay",BJP,Aonla(Uttar Pradesh ),Aonla,Aonla,Aonla,26 /8/1956,
,,,,,,,,
,,,,,,,,
28 /8/1954,"Rana,Shri Jagdish Singh",BSP,Saharanpur (Uttar Pradesh ),Saharanpur ,Saharanpur ,Saharanpur ,28 /8/1954,
,,,,,,,,
28 /8/1966,"Dutt,Smt. Priya Sunil",INC,Mumbai-North-Central(Maharashtra ),Mumbai-North-Central,Mumbai-North-Central,Mumbai-North-Central,28 /8/1966,
,,,,,,,,
,,,,,,,,
30 /8/1954,"Elangovan,Shri T.K.S.",DMK,Chennai North(Tamil Nadu ),Chennai North,Chennai North,Chennai North,30 /8/1954,
,,,,,,,,
31 /8/1955,"Patel,Shri Lalubhai Babubhai",BJP,Daman and Diu(Daman and Diu ),Daman and Diu,Daman and Diu,Daman and Diu,31 /8/1955,
,,,,,,,,
31 /8/1962,"Raju ,Dr. M. Mangapati Pallam",INC,Kakinada (Andhra Pradesh ),Kakinada ,Kakinada ,Kakinada ,31 /8/1962,
,,,,,,,,
,,,,,,,,
,,,,,,,,
1/9/49,"Singh,Shri Radha Mohan",BJP,Purvi Champaran(Bihar ),Purvi Champaran,Purvi Champaran,Purvi Champaran,1/9/49,
,,,,,,,,
,,,,,,,,
1/9/54,"Taviad,Dr. (Smt.) Prabha Kishor",INC,Dahod(Gujarat ),Dahod,Dahod,Dahod,1/9/54,
,,,,,,,,
1/9/56,"Kishor,Shri Kamal ",INC,Bahraich (Uttar Pradesh ),Bahraich ,Bahraich ,Bahraich ,1/9/56,
,,,,,,,,
,,,,,,,,
2/9/60,"Guddu,Shri Prem Chand",INC,Ujjain(Madhya Pradesh ),Ujjain,Ujjain,Ujjain,2/9/60,
,,,,,,,,
,,,,,,,,
4/9/37,"Das,Shri Khagen",CPI(M),Tripura West(Tripura ),Tripura West,Tripura West,Tripura West,4/9/37,
,,,,,,,,
4/9/41,"Shinde,Shri Sushil Kumar Sambhajirao",INC,Solapur(Maharashtra ),Solapur,Solapur,Solapur,4/9/41,
,,,,,,,,
,,,,,,,,
,,,,,,,,
4/9/49,"Beg,(Dr.) Mirza Mehboob",J&KNC,Anantnag(Jammu and Kashmir ),Anantnag,Anantnag,Anantnag,4/9/49,
,,,,,,,,
4/9/65,"Upadhyay,Smt. Seema",BSP,Fatehpur Sikri(Uttar Pradesh ),Fatehpur Sikri,Fatehpur Sikri,Fatehpur Sikri,4/9/65,
,,,,,,,,
5/9/50,"Kashyap,Shri Virender",BJP,Shimla(Himachal Pradesh ),Shimla,Shimla,Shimla,5/9/50,
,,,,,,,,
,,,,,,,,
,,,,,,,,
5/9/53,"Siricilla,Shri Rajaiah",INC,Warangal(Andhra Pradesh ),Warangal,Warangal,Warangal,5/9/53,
,,,,,,,,
,,,,,,,,
6/9/48,"De(Nag),Dr. (Smt.) Ratna",AITC,Hooghly(West Bengal ),Hooghly,Hooghly,Hooghly,6/9/48,
,,,,,,,,
7/9/77,"Pilot,Shri Sachin",INC,Ajmer (Rajasthan ),Ajmer ,Ajmer ,Ajmer ,7/9/77,
,,,,,,,,
,,,,,,,,
,,,,,,,,
8/9/57,"Mahtab,Shri Bhartruhari",BJD,Cuttack(Odisha ),Cuttack,Cuttack,Cuttack,8/9/57,
,,,,,,,,
,,,,,,,,
8/9/62,"Jain Aditya ,Shri Pradeep Kumar",INC,Jhansi (Uttar Pradesh ),Jhansi ,Jhansi ,Jhansi ,8/9/62,
,,,,,,,,
,,,,,,,,
8/9/73,"Patil,Shri Pratik Prakashbapu",INC,Sangli(Maharashtra ),Sangli,Sangli,Sangli,8/9/73,
,,,,,,,,
,,,,,,,,
,,,,,,,,
9/9/45,"Dudhgaonkar,Shri Ganeshrao Nagorao",SS,Parbhani(Maharashtra ),Parbhani,Parbhani,Parbhani,9/9/45,
,,,,,,,,
9/9/52,"Jakhar,Shri Badri Ram ",INC,Pali(Rajasthan ),Pali,Pali,Pali,9/9/52,
,,,,,,,,
,,,,,,,,
9/9/61,"Patil,Shri A.T. (Nana)",BJP,Jalgaon(Maharashtra ),Jalgaon,Jalgaon,Jalgaon,9/9/61,
,,,,,,,,
,,,,,,,,
10/9/42,"Namdhari,Shri Inder Singh",Ind.,Chatra(Jharkhand ),Chatra,Chatra,Chatra,10/9/42,
,,,,,,,,
,,,,,,,,
10/9/75,"Singh,Shri Ravneet",INC,Anandpur Sahib(Punjab ),Anandpur Sahib,Anandpur Sahib,Anandpur Sahib,10/9/75,
,,,,,,,,
11/9/63,"Shukla ,Shri Balkrishna Khanderao ",BJP,Vadodara(Gujarat ),Vadodara,Vadodara,Vadodara,11/9/63,
,,,,,,,,
,,,,,,,,
11/9/73,"Singh,Shri Dushyant",BJP,Jhalawar-Baran (Rajasthan ),Jhalawar-Baran ,Jhalawar-Baran ,Jhalawar-Baran ,11/9/73,
,,,,,,,,
14 /9/1954,"Joshi,Dr. Mahesh",INC,Jaipur(Rajasthan ),Jaipur,Jaipur,Jaipur,14 /9/1954,
,,,,,,,,
16 /9/1945,"Chidambaram,Shri Palaniappan",INC,Sivaganga(Tamil Nadu ),Sivaganga,Sivaganga,Sivaganga,16 /9/1945,
,,,,,,,,
,,,,,,,,
,,,,,,,,
18 /9/1941,"Sethi,Shri Arjun Charan",BJD,Bhadrak(Odisha ),Bhadrak,Bhadrak,Bhadrak,18 /9/1941,
,,,,,,,,
,,,,,,,,
18 /9/1951,"Reddy,Shri Kotla Jaya Surya Prakash",INC,Kurnool(Andhra Pradesh ),Kurnool,Kurnool,Kurnool,18 /9/1951,
,,,,,,,,
,,,,,,,,
18 /9/1967,"Devi,Smt. Ashwamedh",JD(U),Ujiarpur(Bihar ),Ujiarpur,Ujiarpur,Ujiarpur,18 /9/1967,
,,,,,,,,
19 /9/1941,"Adhikari ,Shri Sisir Kumar",AITC,Kanthi(West Bengal ),Kanthi,Kanthi,Kanthi,19 /9/1941,
,,,,,,,,
,,,,,,,,
,,,,,,,,
20 /9/1944,"Annayyagari,Shri Sai Prathap",INC,Rajampet(Andhra Pradesh ),Rajampet,Rajampet,Rajampet,20 /9/1944,
,,,,,,,,
,,,,,,,,
,,,,,,,,
21 /9/1951,"Maharaj,Shri Satpal",INC,Garhwal(Uttarakhand ),Garhwal,Garhwal,Garhwal,21 /9/1951,
,,,,,,,,
,,,,,,,,
21 /9/1958,"Pakkirappa,Shri S.",BJP,Raichur (Karnataka ),Raichur ,Raichur ,Raichur ,21 /9/1958,
,,,,,,,,
21 /9/1964,"Ram Shankar,Prof.(Dr.) ",BJP,Agra(Uttar Pradesh ),Agra,Agra,Agra,21 /9/1964,
,,,,,,,,
22 /9/1951,"Shanavas,Shri M. I.",INC,Wayanad(Kerala ),Wayanad,Wayanad,Wayanad,22 /9/1951,
,,,,,,,,
22 /9/1958,"Bundela,Shri Jeetendra Singh",BJP,Khajuraho (Madhya Pradesh ),Khajuraho ,Khajuraho ,Khajuraho ,22 /9/1958,
,,,,,,,,
22 /9/1968,"Bishnoi,Shri Kuldeep",HJC,Hisar(Haryana ),Hisar,Hisar,Hisar,22 /9/1968,
,,,,,,,,
,,,,,,,,
23 /9/1943,"Khandela,Shri Mahadeo Singh",INC,Sikar (Rajasthan ),Sikar ,Sikar ,Sikar ,23 /9/1943,
,,,,,,,,
,,,,,,,,
,,,,,,,,
,,,,,,,,
24 /9/1962,"Selja,Kumari ",INC,Ambala (Haryana ),Ambala ,Ambala ,Ambala ,24 /9/1962,
,,,,,,,,
,,,,,,,,
25 /9/1938,"Jaiswal,Shri Gorakh Prasad ",BSP,Deoria (Uttar Pradesh ),Deoria ,Deoria ,Deoria ,25 /9/1938,
,,,,,,,,
25 /9/1944,"Jaiswal,Shri Sriprakash",INC,Kanpur(Uttar Pradesh ),Kanpur,Kanpur,Kanpur,25 /9/1944,
,,,,,,,,
,,,,,,,,
25 /9/1951,"Sinh,Dr. Sanjay",INC,Sultanpur(Uttar Pradesh ),Sultanpur,Sultanpur,Sultanpur,25 /9/1951,
,,,,,,,,
,,,,,,,,
25 /9/1976,"Patel,Shri Devji Mansingram",BJP,Jalore(Rajasthan ),Jalore,Jalore,Jalore,25 /9/1976,
,,,,,,,,
,,,,,,,,
27 /9/1959,"Wasnik,Shri Mukul Balkrishna",INC,Ramtek(Maharashtra ),Ramtek,Ramtek,Ramtek,27 /9/1959,
,,,,,,,,
,,,,,,,,
29 /9/1946,"Chacko,Shri P.C.",INC,Thrissur(Kerala ),Thrissur,Thrissur,Thrissur,29 /9/1946,
,,,,,,,,
,,,,,,,,
29 /9/1963,"Napoleon,Shri D.",DMK,Perambalur(Tamil Nadu ),Perambalur,Perambalur,Perambalur,29 /9/1963,
,,,,,,,,
,,,,,,,,
,,,,,,,,
30 /9/1960,"Tiwari ,Shri Bhismshankar Alias Kushal",BSP,Sant Kabir Nagar(Uttar Pradesh ),Sant Kabir Nagar,Sant Kabir Nagar,Sant Kabir Nagar,30 /9/1960,
,,,,,,,,
1/10/50,"Sharma,Shri Jagdish",JD(U),Jahanabad(Bihar ),Jahanabad,Jahanabad,Jahanabad,1/10/50,
,,,,,,,,
,,,,,,,,
,,,,,,,,
2/10/43,"Rao,Dr. Kavuri Samba Siva",INC,Eluru(Andhra Pradesh ),Eluru,Eluru,Eluru,2/10/43,
,,,,,,,,
,,,,,,,,
,,,,,,,,
,,,,,,,,
2/10/49,"Agrawal,Shri Rajendra",BJP,Meerut(Uttar Pradesh ),Meerut,Meerut,Meerut,2/10/49,
,,,,,,,,
,,,,,,,,
3/10/44,"Kaur,Smt. Preneet",INC,Patiala(Punjab ),Patiala,Patiala,Patiala,3/10/44,
,,,,,,,,
,,,,,,,,
,,,,,,,,
3/10/75,"Choudhry,Smt. Shruti",INC,Bhiwani-Mahendragarh (Haryana ),Bhiwani-Mahendragarh ,Bhiwani-Mahendragarh ,Bhiwani-Mahendragarh ,3/10/75,
,,,,,,,,
,,,,,,,,
4/10/52,"Naik,Shri Shripad Yesso",BJP,North Goa(Goa ),North Goa,North Goa,North Goa,4/10/52,
,,,,,,,,
5/10/43,"Singh,Kunwar Rewati Raman",SP,Allahabad(Uttar Pradesh ),Allahabad,Allahabad,Allahabad,5/10/43,
,,,,,,,,
5/10/44,"Chowdhary,Smt. Santosh",INC,Hoshiarpur(Punjab ),Hoshiarpur,Hoshiarpur,Hoshiarpur,5/10/44,
,,,,,,,,
,,,,,,,,
,,,,,,,,
5/10/54,"Kamat,Shri Gurudas",INC,Mumbai-North-West(Maharashtra ),Mumbai-North-West,Mumbai-North-West,Mumbai-North-West,5/10/54,
,,,,,,,,
,,,,,,,,
,,,,,,,,
5/10/69,"Roy,Smt. Satabdi",AITC,Birbhum(West Bengal ),Birbhum,Birbhum,Birbhum,5/10/69,
,,,,,,,,
6/10/58,"Panabaka,Smt. Lakshmi",INC,Bapatla (Andhra Pradesh ),Bapatla ,Bapatla ,Bapatla ,6/10/58,
,,,,,,,,
,,,,,,,,
,,,,,,,,
7/10/34,"Mandlik,Shri Sadashivrao Dadoba",Ind.,Kolhapur(Maharashtra ),Kolhapur,Kolhapur,Kolhapur,7/10/34,
,,,,,,,,
,,,,,,,,
7/10/39,"Chakravarty,Smt. Bijoya",BJP,Gauhati(Assam ),Gauhati,Gauhati,Gauhati,7/10/39,
,,,,,,,,
8/10/43,"Lodhi,Shri Shivraj Singh",BJP,Damoh (Madhya Pradesh ),Damoh ,Damoh ,Damoh ,8/10/43,
,,,,,,,,
9/10/62,"Hazari,Shri Maheshwar ",JD(U),Samastipur (Bihar ),Samastipur ,Samastipur ,Samastipur ,9/10/62,
,,,,,,,,
,,,,,,,,
9/10/73,"Bhujbal,Shri Sameer Magan",NCP,Nashik(Maharashtra ),Nashik,Nashik,Nashik,9/10/73,
,,,,,,,,
,,,,,,,,
10/10/61,"Chauhan,Shri Sanjay Singh",RLD,Bijnor (Uttar Pradesh ),Bijnor ,Bijnor ,Bijnor ,10/10/61,
,,,,,,,,
12/10/45,"Meinya,Dr. Thokchom",INC,Inner Manipur(Manipur ),Inner Manipur,Inner Manipur,Inner Manipur,12/10/45,
,,,,,,,,
,,,,,,,,
,,,,,,,,
12/10/63,"Sharma,Dr. Arvind Kumar",INC,Karnal(Haryana ),Karnal,Karnal,Karnal,12/10/63,
,,,,,,,,
,,,,,,,,
15 /10/1952,"Hossain,Shri Abdul Mannan",INC,Murshidabad (West Bengal ),Murshidabad ,Murshidabad ,Murshidabad ,15 /10/1952,
,,,,,,,,
15 /10/1953,"Reddy,Shri Magunta Sreenivasulu",INC,Ongole (Andhra Pradesh ),Ongole ,Ongole ,Ongole ,15 /10/1953,
,,,,,,,,
,,,,,,,,
15 /10/1979,"Noor,Smt. Mausam",INC,Maldaha Uttar(West Bengal ),Maldaha Uttar,Maldaha Uttar,Maldaha Uttar,15 /10/1979,
,,,,,,,,
,,,,,,,,
16 /10/1952,"Hegde,Shri Jayaprakash Korgi",INC,Udupi Chikmagalur(Karnataka ),Udupi Chikmagalur,Udupi Chikmagalur,Udupi Chikmagalur,16 /10/1952,
,,,,,,,,
20 /10/1963,"Sidhu,Shri Navjot Singh",BJP,Amritsar(Punjab ),Amritsar,Amritsar,Amritsar,20 /10/1963,
,,,,,,,,
20 /10/1966,"Rathod,Shri Ramesh",TDP,Adilabad (Andhra Pradesh ),Adilabad ,Adilabad ,Adilabad ,20 /10/1966,
,,,,,,,,
20 /10/1969,"Bhagat,Shri Sudarshan",BJP,Lohardaga (Jharkhand ),Lohardaga ,Lohardaga ,Lohardaga ,20 /10/1969,
,,,,,,,,
,,,,,,,,
21 /10/1937,"Abdullah,Dr. Farooq",J&KNC,Srinagar(Jammu and Kashmir ),Srinagar,Srinagar,Srinagar,21 /10/1937,
,,,,,,,,
,,,,,,,,
,,,,,,,,
21 /10/1950,"Pal ,Shri Jagdambika",INC,Domariyaganj (Uttar Pradesh ),Domariyaganj ,Domariyaganj ,Domariyaganj ,21 /10/1950,
,,,,,,,,
,,,,,,,,
,,,,,,,,
21 /10/1964,"Katti,Shri Ramesh Vishwanath",BJP,Chikkodi(Karnataka ),Chikkodi,Chikkodi,Chikkodi,21 /10/1964,
,,,,,,,,
22 /10/1940,"Singh,Shri Vijay Bahadur",BSP,Hamirpur(Uttar Pradesh ),Hamirpur,Hamirpur,Hamirpur,22 /10/1940,
,,,,,,,,
22 /10/1952,"Alagiri,Shri Sambandam Keerapalayam",INC,Cuddalore(Tamil Nadu ),Cuddalore,Cuddalore,Cuddalore,22 /10/1952,
,,,,,,,,
23 /10/1959,"Misra,Shri Pinaki",BJD,Puri (Odisha ),Puri ,Puri ,Puri ,23 /10/1959,
,,,,,,,,
,,,,,,,,
24 /10/1974,"Thakur,Shri Anurag Singh",BJP,Hamirpur(Himachal Pradesh ),Hamirpur,Hamirpur,Hamirpur,24 /10/1974,
,,,,,,,,
,,,,,,,,
29 /10/1934,"Gavit,Shri Manikrao Hodlya",INC,Nandurbar(Maharashtra ),Nandurbar,Nandurbar,Nandurbar,29 /10/1934,
,,,,,,,,
,,,,,,,,
31 /10/1965,"Narah,Smt. Ranee",INC,Lakhimpur (Assam ),Lakhimpur ,Lakhimpur ,Lakhimpur ,31 /10/1965,
,,,,,,,,
,,,,,,,,
,,,,,,,,
1/11/53,"Chauhan,Dr. Mahendrasinh Pruthvisinh ",BJP,Sabarkantha(Gujarat ),Sabarkantha,Sabarkantha,Sabarkantha,1/11/53,
,,,,,,,,
3/11/36,"Dasgupta,Shri Gurudas",CPI,Ghatal(West Bengal ),Ghatal,Ghatal,Ghatal,3/11/36,
,,,,,,,,
3/11/49,"Kowase,Shri Marotrao Sainuji",INC,Gadchiroli-Chimur(Maharashtra ),Gadchiroli-Chimur,Gadchiroli-Chimur,Gadchiroli-Chimur,3/11/49,
,,,,,,,,
3/11/51,"Meena,Dr. Kirodilal",Ind.,Dausa(Rajasthan ),Dausa,Dausa,Dausa,3/11/51,
,,,,,,,,
5/11/31,"Venugopal,Thiru Danapal",DMK,Tiruvannamalai(Tamil Nadu ),Tiruvannamalai,Tiruvannamalai,Tiruvannamalai,5/11/31,
,,,,,,,,
5/11/64,"Mithlesh Kumar,Shri ",SP,Shahjahanpur(Uttar Pradesh ),Shahjahanpur,Shahjahanpur,Shahjahanpur,5/11/64,
,,,,,,,,
6/11/37,"Sinha,Shri Yashwant",BJP,Hazaribagh(Jharkhand ),Hazaribagh,Hazaribagh,Hazaribagh,6/11/37,
,,,,,,,,
,,,,,,,,
7/11/32,"Libra,Shri Sukhdev Singh",INC,Fatehgarh Sahib(Punjab ),Fatehgarh Sahib,Fatehgarh Sahib,Fatehgarh Sahib,7/11/32,
,,,,,,,,
7/11/44,"Mullappally,Shri Ramachandran",INC,Vadakara (Kerala ),Vadakara ,Vadakara ,Vadakara ,7/11/44,
,,,,,,,,
,,,,,,,,
,,,,,,,,
7/11/56,"Kaypee,Shri Mohinder Singh",INC,Jalandhar(Punjab ),Jalandhar,Jalandhar,Jalandhar,7/11/56,
,,,,,,,,
,,,,,,,,
8/11/27,"Advani,Shri Lal Krishna",BJP,Gandhinagar(Gujarat ),Gandhinagar,Gandhinagar,Gandhinagar,8/11/27,
,,,,,,,,
,,,,,,,,
8/11/58,"Radadiyahai,Shri Vitthalbhai Hansrajbhai",BJP,Porbandar(Gujarat ),Porbandar,Porbandar,Porbandar,8/11/58,
,,,,,,,,
9/11/52,"Singh,Shri Uday",BJP,Purnia(Bihar ),Purnia,Purnia,Purnia,9/11/52,
,,,,,,,,
,,,,,,,,
,,,,,,,,
9/11/61,"Rana,Shri Kadir",BSP,Muzaffarnagar (Uttar Pradesh ),Muzaffarnagar ,Muzaffarnagar ,Muzaffarnagar ,9/11/61,
,,,,,,,,
,,,,,,,,
10/11/68,"Shekhar,Shri Neeraj",SP,Ballia (Uttar Pradesh ),Ballia ,Ballia ,Ballia ,10/11/68,
,,,,,,,,
,,,,,,,,
11/11/36,"Meghe,Shri Datta Raghobaji",INC,Wardha(Maharashtra ),Wardha,Wardha,Wardha,11/11/36,
,,,,,,,,
,,,,,,,,
,,,,,,,,
11/11/44,"Agarwal,Shri Jai Prakash",INC,North East Delhi(Delhi ),North East Delhi,North East Delhi,North East Delhi,11/11/44,
,,,,,,,,
,,,,,,,,
11/11/54,"Ahir,Shri Hansraj Gangaram",BJP,Chandrapur(Maharashtra ),Chandrapur,Chandrapur,Chandrapur,11/11/54,
,,,,,,,,
11/11/54,"Chinta Mohan,Dr. ",INC,Tirupati(Andhra Pradesh ),Tirupati,Tirupati,Tirupati,11/11/54,
,,,,,,,,
,,,,,,,,
11/11/63,"Islam,Shri Sk. Nurul",AITC,Basirhat(West Bengal ),Basirhat,Basirhat,Basirhat,11/11/63,
,,,,,,,,
13 /11/1957,"Sugavanam,Shri E.G.",DMK,Krishnagiri(Tamil Nadu ),Krishnagiri,Krishnagiri,Krishnagiri,13 /11/1957,
,,,,,,,,
15 /11/1957,"Tandon,Smt. Annu",INC,Unnao(Uttar Pradesh ),Unnao,Unnao,Unnao,15 /11/1957,
,,,,,,,,
,,,,,,,,
16 /11/1958,"Putul Kumari,Smt. ",Ind.,Banka(Bihar ),Banka,Banka,Banka,16 /11/1958,
,,,,,,,,
,,,,,,,,
17 /11/1939,"Yadav,Shri Hukmdev Narayan",BJP,Madhubani(Bihar ),Madhubani,Madhubani,Madhubani,17 /11/1939,
,,,,,,,,
18 /11/1930,"Nishad,Capt.(Retd.) Jainarain Prasad",JD(U),Muzaffarpur(Bihar ),Muzaffarpur,Muzaffarpur,Muzaffarpur,18 /11/1930,
,,,,,,,,
,,,,,,,,
18 /11/1944,"Pradhan,Shri Nityananda",BJD,Aska(Odisha ),Aska,Aska,Aska,18 /11/1944,
,,,,,,,,
18 /11/1946,"Kamal Nath,Shri ",INC,Chhindwara (Madhya Pradesh ),Chhindwara ,Chhindwara ,Chhindwara ,18 /11/1946,
,,,,,,,,
,,,,,,,,
18 /11/1962,"Kashyap,Shri Dinesh",BJP,Bastar(Chhattisgarh ),Bastar,Bastar,Bastar,18 /11/1962,
,,,,,,,,
19 /11/1965,"Killi,Dr. (Smt.) Kruparani",INC,Srikakulam (Andhra Pradesh ),Srikakulam ,Srikakulam ,Srikakulam ,19 /11/1965,
,,,,,,,,
,,,,,,,,
20 /11/1953,"Tirkey,Shri Manohar",RSP,Alipurduars(West Bengal ),Alipurduars,Alipurduars,Alipurduars,20 /11/1953,
,,,,,,,,
20 /11/1953,"Singh,Shri Prabhunath",RJD,Maharajganj(Bihar ),Maharajganj,Maharajganj,Maharajganj,20 /11/1953,
,,,,,,,,
20 /11/1960,"Pal,Shri Raja Ram",INC,Akbarpur(Uttar Pradesh ),Akbarpur,Akbarpur,Akbarpur,20 /11/1960,
,,,,,,,,
22 /11/1939,"Yadav,Shri Mulayam Singh",SP,Mainpuri(Uttar Pradesh ),Mainpuri,Mainpuri,Mainpuri,22 /11/1939,
,,,,,,,,
23 /11/1937,"Ray,Shri Rudra Madhab ",BJD,Kandhamal(Odisha ),Kandhamal,Kandhamal,Kandhamal,23 /11/1937,
,,,,,,,,
23 /11/1959,"Dastidar, Dr. (Smt.) Kakoli Ghosh",AITC,Barasat(West Bengal ),Barasat,Barasat,Barasat,23 /11/1959,
,,,,,,,,
25 /11/1956,"Nimmala,Shri Kristappa",TDP,Hindupur (Andhra Pradesh ),Hindupur ,Hindupur ,Hindupur ,25 /11/1956,
,,,,,,,,
25 /11/1960,"Jadhav,Shri Prataprao Ganpatrao",SS,Buldhana(Maharashtra ),Buldhana,Buldhana,Buldhana,25 /11/1960,
,,,,,,,,
26 /11/1950,"Gohain,Shri Rajen",BJP,Nawgong(Assam ),Nawgong,Nawgong,Nawgong,26 /11/1950,
,,,,,,,,
26 /11/1953,"Solanki,Shri Bharatsinh Madhavsinh",INC,Anand(Gujarat ),Anand,Anand,Anand,26 /11/1953,
,,,,,,,,
,,,,,,,,
,,,,,,,,
,,,,,,,,
26 /11/1958,"Das,Shri Bhakta Charan",INC,Kalahandi(Odisha ),Kalahandi,Kalahandi,Kalahandi,26 /11/1958,
,,,,,,,,
,,,,,,,,
,,,,,,,,
26 /11/1975,"Rawat,Shri Ashok Kumar",BSP,Misrikh (Uttar Pradesh ),Misrikh ,Misrikh ,Misrikh ,26 /11/1975,
,,,,,,,,
,,,,,,,,
27 /11/1962,"Joshi,Shri Pralhad Venkatesh",BJP,Dharwad (Karnataka ),Dharwad ,Dharwad ,Dharwad ,27 /11/1962,
,,,,,,,,
29 /11/1945,"Masram,Shri Basori Singh",INC,Mandla(Madhya Pradesh ),Mandla,Mandla,Mandla,29 /11/1945,
,,,,,,,,
,,,,,,,,
29 /11/1965,"Jaiswal,Dr. Sanjay ",BJP,Paschim Champaran(Bihar ),Paschim Champaran,Paschim Champaran,Paschim Champaran,29 /11/1965,
,,,,,,,,
29 /11/1973,"Prasada,Shri Jitin",INC,Dhaurahra(Uttar Pradesh ),Dhaurahra,Dhaurahra,Dhaurahra,29 /11/1973,
,,,,,,,,
,,,,,,,,
29 /11/1982,"Spandana,Km. Ramya Divya",INC,Mandya(Karnataka ),Mandya,Mandya,Mandya,29 /11/1982,
,,,,,,,,
30 /11/1957,"Vivekanand,Dr. Gaddam",INC,Peddapalle(Andhra Pradesh ),Peddapalle,Peddapalle,Peddapalle,30 /11/1957,
,,,,,,,,
,,,,,,,,
1/12/34,"Handique,Shri Bijoy Krishna",INC,Jorhat(Assam ),Jorhat,Jorhat,Jorhat,1/12/34,
,,,,,,,,
,,,,,,,,
,,,,,,,,
1/12/39,"Biswal,Shri Hemanand ",INC,Sundargarh (Odisha ),Sundargarh ,Sundargarh ,Sundargarh ,1/12/39,
,,,,,,,,
,,,,,,,,
1/12/42,"Suklabaidya,Shri Lalit Mohan",INC,Karimganj(Assam ),Karimganj,Karimganj,Karimganj,1/12/42,
,,,,,,,,
,,,,,,,,
1/12/47,"Vardhan,Shri Harsh",INC,Maharajganj(Uttar Pradesh ),Maharajganj,Maharajganj,Maharajganj,1/12/47,
,,,,,,,,
1/12/60,"Sugumar,Shri K. ",AIADMK,Pollachi(Tamil Nadu ),Pollachi,Pollachi,Pollachi,1/12/60,
,,,,,,,,
,,,,,,,,
1/12/71,"Singla,Shri Vijay Inder",INC,Sangrur(Punjab ),Sangrur,Sangrur,Sangrur,1/12/71,
,,,,,,,,
4/12/76,"Deora,Shri Milind Murli",INC,Mumbai-South(Maharashtra ),Mumbai-South,Mumbai-South,Mumbai-South,4/12/76,
,,,,,,,,
,,,,,,,,
5/12/66,"Maran,Thiru Dayanidhi",DMK,Chennai Central (Tamil Nadu ),Chennai Central ,Chennai Central ,Chennai Central ,5/12/66,
,,,,,,,,
,,,,,,,,
6/12/45,"Choudhary,Shri Nikhil Kumar",BJP,Katihar(Bihar ),Katihar,Katihar,Katihar,6/12/45,
,,,,,,,,
6/12/50,"Ghatowar,Shri Paban Singh",INC,Dibrugarh(Assam ),Dibrugarh,Dibrugarh,Dibrugarh,6/12/50,
,,,,,,,,
,,,,,,,,
,,,,,,,,
,,,,,,,,
7/12/66,"Kateel,Shri Nalin Kumar",BJP,Dakshina Kannada (Karnataka ),Dakshina Kannada ,Dakshina Kannada ,Dakshina Kannada ,7/12/66,
,,,,,,,,
8/12/65,"Tewari,Shri Manish",INC,Ludhiana(Punjab ),Ludhiana,Ludhiana,Ludhiana,8/12/65,
,,,,,,,,
,,,,,,,,
,,,,,,,,
9/12/46,"Gandhi,Smt. Sonia",INC,Rae Bareli(Uttar Pradesh ),Rae Bareli,Rae Bareli,Rae Bareli,9/12/46,
,,,,,,,,
10/12/52,"Bandyopadhyay,Shri Sudip",AITC,Kolkata Uttar(West Bengal ),Kolkata Uttar,Kolkata Uttar,Kolkata Uttar,10/12/52,
,,,,,,,,
,,,,,,,,
11/12/36,"Khan,Shri Hassan",Ind.,Ladakh(Jammu and Kashmir ),Ladakh,Ladakh,Ladakh,11/12/36,
,,,,,,,,
11/12/64,"Rajukhedi,Shri Gajendra Singh",INC,Dhar(Madhya Pradesh ),Dhar,Dhar,Dhar,11/12/64,
,,,,,,,,
12/12/40,"Pawar,Shri Sharad Chandra Govindrao",NCP,Madha(Maharashtra ),Madha,Madha,Madha,12/12/40,
,,,,,,,,
,,,,,,,,
,,,,,,,,
12/12/49,"Munde ,Shri Gopinath Pandurang",BJP,Beed(Maharashtra ),Beed,Beed,Beed,12/12/49,
,,,,,,,,
,,,,,,,,
12/12/50,"Thomas,Shri P. T.",INC,Idukki(Kerala ),Idukki,Idukki,Idukki,12/12/50,
,,,,,,,,
12/12/51,"Anandan,Shri K. Murugesan",AIADMK,Viluppuram(Tamil Nadu ),Viluppuram,Viluppuram,Viluppuram,12/12/51,
,,,,,,,,
12/12/68,"Hussain,Shri Syed Shahnawaz",BJP,Bhagalpur(Bihar ),Bhagalpur,Bhagalpur,Bhagalpur,12/12/68,
,,,,,,,,
,,,,,,,,
12/12/72,"Singh,Shri Yashvir",SP,Nagina(Uttar Pradesh ),Nagina,Nagina,Nagina,12/12/72,
,,,,,,,,
13 /12/1954,"Mahant,Dr. Charan Das",INC,Korba(Chhattisgarh ),Korba,Korba,Korba,13 /12/1954,
,,,,,,,,
,,,,,,,,
15 /12/1931,"Purkayastha,Shri Kabindra",BJP,Silchar(Assam ),Silchar,Silchar,Silchar,15 /12/1931,
,,,,,,,,
15 /12/1949,"Vishwanath,Shri Adagooru Huchegowda",INC,Mysore(Karnataka ),Mysore,Mysore,Mysore,15 /12/1949,
,,,,,,,,
15 /12/1960,"Yaskhi,Shri Madhu Goud",INC,Nizamabad(Andhra Pradesh ),Nizamabad,Nizamabad,Nizamabad,15 /12/1960,
,,,,,,,,
,,,,,,,,
,,,,,,,,
15 /12/1961,"Vijayan,Shri A.K.S.",DMK,Nagapattinam(Tamil Nadu ),Nagapattinam,Nagapattinam,Nagapattinam,15 /12/1961,
,,,,,,,,
,,,,,,,,
15 /12/1970,"Adhikari,Shri Suvendu",AITC,Tamluk(West Bengal ),Tamluk,Tamluk,Tamluk,15 /12/1970,
,,,,,,,,
,,,,,,,,
15 /12/1972,"Anuragi,Shri Ghanshyam ",SP,Jalaun(Uttar Pradesh ),Jalaun,Jalaun,Jalaun,15 /12/1972,
,,,,,,,,
17 /12/1951,"Gogoi,Shri Dip",INC,Kaliabor(Assam ),Kaliabor,Kaliabor,Kaliabor,17 /12/1951,
,,,,,,,,
17 /12/1957,"Bhadana,Shri Avtar Singh",INC,Faridabad(Haryana ),Faridabad,Faridabad,Faridabad,17 /12/1957,
,,,,,,,,
18 /12/1965,"Chaudhary,Dr. Tushar Amarsinh",INC,Bardoli(Gujarat ),Bardoli,Bardoli,Bardoli,18 /12/1965,
,,,,,,,,
,,,,,,,,
20 /12/1953,"Meghwal,Shri Arjun Ram ",BJP,Bikaner (Rajasthan ),Bikaner ,Bikaner ,Bikaner ,20 /12/1953,
,,,,,,,,
20 /12/1964,"Sachan,Shri Rakesh",SP,Fatehpur(Uttar Pradesh ),Fatehpur,Fatehpur,Fatehpur,20 /12/1964,
,,,,,,,,
21 /12/1950,"Natarajan,Shri P.R.",CPI(M),Coimbatore (Tamil Nadu ),Coimbatore ,Coimbatore ,Coimbatore ,21 /12/1950,
,,,,,,,,
21 /12/1972,"Reddy,Shri Y. S. Jagan Mohan ",YSR Congress Party,Kadapa(Andhra Pradesh ),Kadapa,Kadapa,Kadapa,21 /12/1972,
,,,,,,,,
22 /12/1948,"Pratap Narayanrao,Shri Sonawane",BJP,Dhule(Maharashtra ),Dhule,Dhule,Dhule,22 /12/1948,
,,,,,,,,
23 /12/1967,"Mcleod,Smt. Ingrid",INC,Nominated Anglo-Indian(Chhattisgarh ),Nominated Anglo-Indian,Nominated Anglo-Indian,Nominated Anglo-Indian,23 /12/1967,
,,,,,,,,
,,,,,,,,
24 /12/1943,"Meena,Shri Namo Narain",INC,Tonk-Sawai Madhopur(Rajasthan ),Tonk-Sawai Madhopur,Tonk-Sawai Madhopur,Tonk-Sawai Madhopur,24 /12/1943,
,,,,,,,,
,,,,,,,,
,,,,,,,,
25 /12/1935,"Ruala,Shri C. L.",INC,Mizoram(Mizoram ),Mizoram,Mizoram,Mizoram,25 /12/1935,
,,,,,,,,
,,,,,,,,
25 /12/1936,"Singh,Shri N.Dharam",INC,Bidar(Karnataka ),Bidar,Bidar,Bidar,25 /12/1936,
,,,,,,,,
25 /12/1951,"Chavan,Shri Harischandra Deoram",BJP,Dindori(Maharashtra ),Dindori,Dindori,Dindori,25 /12/1951,
,,,,,,,,
25 /12/1970,"Hasan,Begum Tabassum ",BSP,Kairana(Uttar Pradesh ),Kairana,Kairana,Kairana,25 /12/1970,
,,,,,,,,
27 /12/1978,"Chaudhary,Shri Jayant",RLD,Mathura(Uttar Pradesh ),Mathura,Mathura,Mathura,27 /12/1978,
,,,,,,,,
,,,,,,,,
,,,,,,,,
29 /12/1964,"Singh,Shri Pradeep Kumar",BJP,Araria(Bihar ),Araria,Araria,Araria,29 /12/1964,
,,,,,,,,
30 /12/1968,"Patel,Shri Deoraj Singh",BSP,Rewa (Madhya Pradesh ),Rewa ,Rewa ,Rewa ,30 /12/1968,
,,,,,,,,
31 /12/1943,"Mitra,Shri Somendra Nath",AITC,Diamond Harbour (West Bengal ),Diamond Harbour ,Diamond Harbour ,Diamond Harbour ,31 /12/1943,
,,,,,,,,
31 /12/1955,"Roy,Shri Mahendra Kumar",CPI(M),Jalpaiguri (West Bengal ),Jalpaiguri ,Jalpaiguri ,Jalpaiguri ,31 /12/1955,
,,,,,,,,